transaction_id,amount,hour,is_foreign,is_new_device,transactions_today,account_age_days,is_fraud,risk_score,risk_level,anomaly,anomaly_label
1,1313,0,1,1,18,1,1,100.0,High Risk,-1,Anomaly
2,465,14,0,0,4,637,0,0.0,Low Risk,1,Normal
3,279,14,0,0,1,2705,0,0.0,Low Risk,1,Normal
4,490,10,0,0,3,1340,0,0.0,Low Risk,1,Normal
5,30,9,0,0,1,2716,0,0.0,Low Risk,1,Normal
6,4089,3,1,1,19,11,1,100.0,High Risk,-1,Anomaly
7,460,21,0,0,1,703,0,0.0,Low Risk,1,Normal
8,383,11,0,0,4,820,0,0.0,Low Risk,1,Normal
9,204,14,0,0,1,1370,0,0.0,Low Risk,1,Normal
10,135,16,0,0,3,1564,0,0.0,Low Risk,1,Normal
11,177,9,0,0,3,2473,0,0.0,Low Risk,1,Normal
12,280,21,0,1,4,1852,0,0.0,Low Risk,1,Normal
13,60,12,0,0,3,1990,0,0.0,Low Risk,1,Normal
14,176,12,0,0,1,829,0,0.0,Low Risk,1,Normal
15,465,21,0,0,1,158,0,0.0,Low Risk,1,Normal
16,140,21,0,0,1,1081,0,0.0,Low Risk,1,Normal
17,273,9,0,0,2,59,0,0.0,Low Risk,1,Normal
18,405,12,0,0,3,1741,0,0.0,Low Risk,1,Normal
19,226,16,0,0,4,2283,0,0.0,Low Risk,1,Normal
20,167,13,0,0,2,2957,0,0.0,Low Risk,1,Normal
21,431,14,0,1,3,419,0,0.0,Low Risk,1,Normal
22,382,8,1,0,1,2477,0,0.0,Low Risk,-1,Anomaly
23,161,13,0,0,2,413,0,0.0,Low Risk,1,Normal
24,487,15,0,0,1,2688,0,0.0,Low Risk,1,Normal
25,199,15,0,1,1,1745,0,0.0,Low Risk,1,Normal
26,352,12,0,0,2,221,0,0.0,Low Risk,1,Normal
27,405,21,0,0,3,192,0,0.0,Low Risk,1,Normal
28,320,10,0,1,3,1417,0,0.0,Low Risk,1,Normal
29,149,17,0,0,4,619,0,0.0,Low Risk,1,Normal
30,131,15,0,0,2,1857,0,0.0,Low Risk,1,Normal
31,411,13,0,1,2,1515,0,0.0,Low Risk,1,Normal
32,222,10,0,0,4,1825,0,0.0,Low Risk,1,Normal
33,339,18,0,0,3,2393,0,0.0,Low Risk,1,Normal
34,403,9,0,0,3,2259,0,0.0,Low Risk,1,Normal
35,18,20,0,0,4,2443,0,0.0,Low Risk,1,Normal
36,138,11,0,0,2,494,0,0.0,Low Risk,1,Normal
37,60,15,0,0,3,837,0,0.0,Low Risk,1,Normal
38,395,8,0,0,3,138,0,0.0,Low Risk,1,Normal
39,412,14,0,0,4,2034,0,0.0,Low Risk,1,Normal
40,255,8,0,0,4,2518,0,0.0,Low Risk,1,Normal
41,1769,1,0,1,12,29,1,100.0,High Risk,-1,Anomaly
42,224,15,0,0,4,2548,0,0.0,Low Risk,1,Normal
43,4014,5,1,1,12,24,1,100.0,High Risk,1,Normal
44,394,10,0,0,3,195,0,0.0,Low Risk,1,Normal
45,229,14,0,1,4,1931,0,0.0,Low Risk,1,Normal
46,160,19,0,0,1,51,0,0.0,Low Risk,1,Normal
47,11,12,0,0,1,686,0,0.0,Low Risk,1,Normal
48,353,8,0,0,1,1290,0,0.0,Low Risk,1,Normal
49,473,21,0,0,1,856,0,0.0,Low Risk,1,Normal
50,327,21,1,0,4,699,0,0.0,Low Risk,-1,Anomaly
51,496,13,0,0,2,837,0,0.0,Low Risk,1,Normal
52,4067,1,1,1,19,13,1,100.0,High Risk,-1,Anomaly
53,217,15,0,0,1,1806,0,0.0,Low Risk,1,Normal
54,484,19,0,1,1,1904,0,0.0,Low Risk,-1,Anomaly
55,2670,2,1,1,13,4,1,100.0,High Risk,1,Normal
56,137,15,0,0,3,581,0,0.0,Low Risk,1,Normal
57,186,18,0,1,3,749,0,0.0,Low Risk,1,Normal
58,1842,4,1,1,13,14,1,100.0,High Risk,1,Normal
59,1005,1,0,1,18,29,1,100.0,High Risk,-1,Anomaly
60,122,16,0,0,3,1983,0,0.0,Low Risk,1,Normal
61,106,20,0,0,1,920,0,0.0,Low Risk,1,Normal
62,416,8,0,0,3,256,0,0.0,Low Risk,1,Normal
63,179,11,1,0,3,566,0,0.0,Low Risk,1,Normal
64,11,19,0,0,2,42,0,0.0,Low Risk,1,Normal
65,440,20,0,0,2,1059,0,0.0,Low Risk,1,Normal
66,394,11,0,0,2,2069,0,0.0,Low Risk,1,Normal
67,64,21,0,0,4,795,0,0.0,Low Risk,1,Normal
68,457,18,0,1,4,1247,0,0.0,Low Risk,1,Normal
69,179,19,0,0,1,1501,0,0.0,Low Risk,1,Normal
70,440,18,0,1,1,1441,0,0.0,Low Risk,1,Normal
71,239,11,0,0,3,1804,0,0.0,Low Risk,1,Normal
72,72,9,0,0,3,2940,0,0.0,Low Risk,1,Normal
73,866,4,0,1,17,5,1,100.0,High Risk,-1,Anomaly
74,140,10,0,0,3,1649,0,0.0,Low Risk,1,Normal
75,440,12,0,0,2,185,0,0.0,Low Risk,1,Normal
76,292,20,1,0,4,761,0,0.0,Low Risk,1,Normal
77,470,10,0,0,4,2329,0,0.0,Low Risk,1,Normal
78,316,13,0,0,1,2465,0,0.0,Low Risk,1,Normal
79,201,19,1,0,2,2129,0,0.0,Low Risk,1,Normal
80,100,13,0,0,3,965,0,0.0,Low Risk,1,Normal
81,4729,0,1,1,9,2,1,100.0,High Risk,-1,Anomaly
82,53,17,0,0,3,1335,0,0.0,Low Risk,1,Normal
83,424,10,0,0,1,814,0,0.0,Low Risk,1,Normal
84,246,18,0,0,2,2726,0,0.0,Low Risk,1,Normal
85,189,17,1,0,2,2580,0,0.0,Low Risk,1,Normal
86,1143,5,1,1,17,18,1,100.0,High Risk,1,Normal
87,2225,1,1,1,15,12,1,100.0,High Risk,1,Normal
88,264,14,0,0,1,2135,0,0.0,Low Risk,1,Normal
89,2618,3,1,1,8,29,1,100.0,High Risk,-1,Anomaly
90,456,20,0,0,1,2874,0,0.0,Low Risk,1,Normal
91,418,16,0,0,4,2328,0,0.0,Low Risk,1,Normal
92,358,20,0,0,4,452,0,0.0,Low Risk,1,Normal
93,181,8,0,0,2,2082,0,0.0,Low Risk,1,Normal
94,113,9,0,1,3,739,0,0.0,Low Risk,1,Normal
95,4925,1,1,1,19,18,1,100.0,High Risk,-1,Anomaly
96,267,14,0,0,3,2212,0,0.0,Low Risk,1,Normal
97,224,10,0,1,2,2716,0,0.0,Low Risk,1,Normal
98,10,11,0,0,4,887,0,0.0,Low Risk,1,Normal
99,333,12,0,0,4,472,0,0.0,Low Risk,1,Normal
100,50,19,0,0,2,1534,0,0.0,Low Risk,1,Normal
101,328,10,0,0,1,2360,0,0.0,Low Risk,1,Normal
102,428,18,0,0,1,762,0,0.0,Low Risk,1,Normal
103,45,12,0,0,1,473,0,0.0,Low Risk,1,Normal
104,90,17,0,0,4,916,0,0.0,Low Risk,1,Normal
105,126,9,0,0,3,37,0,0.0,Low Risk,1,Normal
106,161,18,1,0,2,874,0,0.0,Low Risk,1,Normal
107,2154,1,1,1,9,13,1,100.0,High Risk,1,Normal
108,424,8,0,1,3,2065,0,0.0,Low Risk,1,Normal
109,3761,3,1,1,10,13,1,100.0,High Risk,1,Normal
110,187,20,1,0,3,1422,0,0.0,Low Risk,1,Normal
111,63,10,0,0,1,2752,0,0.0,Low Risk,1,Normal
112,312,14,0,0,2,2289,0,0.0,Low Risk,1,Normal
113,71,10,0,0,2,1424,0,0.0,Low Risk,1,Normal
114,107,9,0,0,3,714,0,0.0,Low Risk,1,Normal
115,85,15,0,0,3,93,0,0.0,Low Risk,1,Normal
116,4122,1,1,1,13,8,1,100.0,High Risk,1,Normal
117,174,21,0,0,2,178,0,0.0,Low Risk,1,Normal
118,302,11,0,0,2,2933,0,0.0,Low Risk,1,Normal
119,378,19,0,1,1,450,0,0.0,Low Risk,1,Normal
120,397,16,0,0,3,239,0,0.0,Low Risk,1,Normal
121,297,18,0,0,3,404,0,0.0,Low Risk,1,Normal
122,56,14,0,0,2,2188,0,0.0,Low Risk,1,Normal
123,4090,2,1,1,19,8,1,100.0,High Risk,-1,Anomaly
124,2064,2,1,1,8,27,1,100.0,High Risk,1,Normal
125,137,21,0,0,2,174,0,0.0,Low Risk,1,Normal
126,2976,4,1,1,18,11,1,100.0,High Risk,1,Normal
127,208,19,0,0,3,2934,0,0.0,Low Risk,1,Normal
128,354,13,0,0,4,1720,0,0.0,Low Risk,1,Normal
129,53,14,0,0,4,173,0,0.0,Low Risk,1,Normal
130,229,10,0,0,2,2995,0,0.0,Low Risk,1,Normal
131,139,10,0,0,4,2803,0,0.0,Low Risk,1,Normal
132,2813,1,1,1,14,12,1,100.0,High Risk,1,Normal
133,153,9,0,0,1,2794,0,0.0,Low Risk,1,Normal
134,130,12,1,0,2,2929,0,0.0,Low Risk,-1,Anomaly
135,2930,3,0,1,15,27,1,100.0,High Risk,-1,Anomaly
136,163,14,0,0,4,2242,0,0.0,Low Risk,1,Normal
137,48,12,0,1,3,2611,0,0.0,Low Risk,1,Normal
138,27,17,0,1,4,637,0,0.0,Low Risk,1,Normal
139,478,19,0,0,4,2697,0,0.0,Low Risk,1,Normal
140,417,21,0,0,4,2743,0,0.0,Low Risk,1,Normal
141,1935,0,1,1,19,5,1,100.0,High Risk,-1,Anomaly
142,95,13,0,1,3,2358,0,0.0,Low Risk,1,Normal
143,203,15,0,1,3,585,0,0.0,Low Risk,1,Normal
144,462,15,1,0,3,500,0,0.0,Low Risk,1,Normal
145,242,10,0,0,4,89,0,0.0,Low Risk,1,Normal
146,331,19,1,1,4,635,0,0.0,Low Risk,-1,Anomaly
147,323,14,0,0,4,2608,0,0.0,Low Risk,1,Normal
148,25,18,0,1,3,1863,0,0.0,Low Risk,1,Normal
149,67,8,0,0,4,405,0,0.0,Low Risk,1,Normal
150,232,17,0,0,3,1255,0,0.0,Low Risk,1,Normal
151,764,0,1,1,17,9,1,100.0,High Risk,1,Normal
152,473,12,0,0,2,2970,0,0.0,Low Risk,1,Normal
153,366,8,0,0,1,685,0,0.0,Low Risk,1,Normal
154,75,9,0,0,2,2826,0,0.0,Low Risk,1,Normal
155,145,14,0,0,3,971,0,0.0,Low Risk,1,Normal
156,286,20,0,0,3,1441,0,0.0,Low Risk,1,Normal
157,317,19,1,0,4,1641,0,0.0,Low Risk,1,Normal
158,451,11,0,1,2,2866,0,0.0,Low Risk,1,Normal
159,2402,0,0,1,15,21,1,100.0,High Risk,-1,Anomaly
160,404,17,0,0,3,873,0,0.0,Low Risk,1,Normal
161,904,0,0,0,16,3,1,100.0,High Risk,-1,Anomaly
162,382,14,0,0,4,440,0,0.0,Low Risk,1,Normal
163,4336,3,1,1,9,21,1,100.0,High Risk,1,Normal
164,90,9,0,0,2,120,0,0.0,Low Risk,1,Normal
165,425,21,0,1,3,2626,0,0.0,Low Risk,-1,Anomaly
166,83,20,0,0,3,1453,0,0.0,Low Risk,1,Normal
167,53,18,0,0,3,2738,0,0.0,Low Risk,1,Normal
168,182,18,0,0,4,2786,0,0.0,Low Risk,1,Normal
169,183,10,0,0,4,2044,0,0.0,Low Risk,1,Normal
170,469,17,0,1,3,2324,0,0.0,Low Risk,1,Normal
171,28,18,0,1,3,551,0,0.0,Low Risk,1,Normal
172,406,8,0,0,4,1474,0,0.0,Low Risk,1,Normal
173,452,15,0,0,3,644,0,0.0,Low Risk,1,Normal
174,264,10,0,0,3,1567,0,0.0,Low Risk,1,Normal
175,180,16,0,0,2,2447,0,0.0,Low Risk,1,Normal
176,14,13,0,0,4,270,0,0.0,Low Risk,1,Normal
177,402,18,0,0,3,1281,0,0.0,Low Risk,1,Normal
178,2214,5,0,1,11,17,1,100.0,High Risk,-1,Anomaly
179,63,15,0,0,2,527,0,0.0,Low Risk,1,Normal
180,478,15,0,0,3,1781,0,0.0,Low Risk,1,Normal
181,286,11,1,0,2,2567,0,0.0,Low Risk,-1,Anomaly
182,203,13,0,0,2,1609,0,0.0,Low Risk,1,Normal
183,293,20,0,0,2,2731,0,0.0,Low Risk,1,Normal
184,4557,5,0,0,13,4,1,100.0,High Risk,-1,Anomaly
185,132,20,0,0,1,1624,0,0.0,Low Risk,1,Normal
186,15,15,0,0,1,2695,0,0.0,Low Risk,1,Normal
187,395,21,0,0,2,755,0,0.0,Low Risk,1,Normal
188,330,8,0,1,3,2932,0,0.0,Low Risk,-1,Anomaly
189,273,15,0,0,2,1773,0,0.0,Low Risk,1,Normal
190,48,15,0,0,2,1568,0,0.0,Low Risk,1,Normal
191,431,12,0,0,3,585,0,0.0,Low Risk,1,Normal
192,52,21,0,1,3,1917,0,0.0,Low Risk,-1,Anomaly
193,476,17,1,0,4,2073,0,0.0,Low Risk,-1,Anomaly
194,373,8,0,1,2,1163,0,0.0,Low Risk,1,Normal
195,311,15,0,1,4,2649,0,0.0,Low Risk,1,Normal
196,152,19,0,0,3,501,0,0.0,Low Risk,1,Normal
197,338,13,0,0,3,305,0,0.0,Low Risk,1,Normal
198,23,14,0,0,3,1096,0,0.0,Low Risk,1,Normal
199,320,18,0,0,1,2435,0,0.0,Low Risk,1,Normal
200,229,20,0,0,3,901,0,0.0,Low Risk,1,Normal
201,155,15,0,0,3,224,0,0.0,Low Risk,1,Normal
202,152,15,0,0,4,2288,0,0.0,Low Risk,1,Normal
203,232,10,0,0,3,1903,0,0.0,Low Risk,1,Normal
204,262,10,0,0,3,749,0,0.0,Low Risk,1,Normal
205,182,10,0,0,1,2265,0,0.0,Low Risk,1,Normal
206,295,12,0,1,3,181,0,0.0,Low Risk,1,Normal
207,493,8,0,0,4,703,0,0.0,Low Risk,1,Normal
208,99,11,0,1,2,1234,0,0.0,Low Risk,1,Normal
209,124,17,0,0,2,2788,0,0.0,Low Risk,1,Normal
210,1389,1,1,1,8,3,1,100.0,High Risk,1,Normal
211,1349,1,1,1,17,15,1,100.0,High Risk,1,Normal
212,62,17,0,0,4,1181,0,0.0,Low Risk,1,Normal
213,185,13,0,1,1,1103,0,0.0,Low Risk,1,Normal
214,236,10,0,1,1,1962,0,0.0,Low Risk,1,Normal
215,195,21,0,0,1,1937,0,0.0,Low Risk,1,Normal
216,396,15,1,1,2,2702,0,0.0,Low Risk,-1,Anomaly
217,78,8,0,0,3,253,0,0.0,Low Risk,1,Normal
218,243,16,0,0,4,1486,0,0.0,Low Risk,1,Normal
219,426,10,1,0,3,1392,0,0.0,Low Risk,1,Normal
220,69,11,0,0,1,1384,0,0.0,Low Risk,1,Normal
221,2556,4,1,1,13,23,1,100.0,High Risk,1,Normal
222,295,8,0,0,4,2084,0,0.0,Low Risk,1,Normal
223,2372,2,1,1,8,1,1,100.0,High Risk,-1,Anomaly
224,226,14,0,1,3,2411,0,0.0,Low Risk,1,Normal
225,212,18,0,0,4,899,0,0.0,Low Risk,1,Normal
226,45,16,0,0,2,1122,0,0.0,Low Risk,1,Normal
227,274,12,0,0,2,1488,0,0.0,Low Risk,1,Normal
228,59,8,0,0,3,751,0,0.0,Low Risk,1,Normal
229,292,16,0,0,4,2428,0,0.0,Low Risk,1,Normal
230,460,10,0,0,4,647,0,0.0,Low Risk,1,Normal
231,48,18,1,0,1,1666,0,0.0,Low Risk,-1,Anomaly
232,336,8,1,0,3,1321,0,0.0,Low Risk,1,Normal
233,3877,4,1,0,19,2,1,100.0,High Risk,-1,Anomaly
234,109,13,0,0,3,721,0,0.0,Low Risk,1,Normal
235,298,15,0,0,1,2506,0,0.0,Low Risk,1,Normal
236,349,21,0,0,2,2648,0,0.0,Low Risk,1,Normal
237,392,12,0,0,3,595,0,0.0,Low Risk,1,Normal
238,134,15,0,0,2,1512,0,0.0,Low Risk,1,Normal
239,1589,2,1,0,16,19,1,100.0,High Risk,-1,Anomaly
240,199,16,0,0,4,2016,0,0.0,Low Risk,1,Normal
241,433,12,0,0,1,307,0,0.0,Low Risk,1,Normal
242,401,12,0,0,4,1925,0,0.0,Low Risk,1,Normal
243,437,10,0,0,2,810,0,0.0,Low Risk,1,Normal
244,370,13,0,0,1,1397,0,0.0,Low Risk,1,Normal
245,401,17,0,0,3,2493,0,0.0,Low Risk,1,Normal
246,159,8,1,0,1,1576,0,0.0,Low Risk,-1,Anomaly
247,169,11,0,0,1,519,0,0.0,Low Risk,1,Normal
248,233,9,0,0,1,2512,0,0.0,Low Risk,1,Normal
249,98,21,0,0,3,2003,0,0.0,Low Risk,1,Normal
250,298,16,0,1,1,1778,0,0.0,Low Risk,1,Normal
251,205,9,0,0,3,1161,0,0.0,Low Risk,1,Normal
252,84,8,0,0,1,436,0,0.0,Low Risk,1,Normal
253,242,17,0,0,1,1292,0,0.0,Low Risk,1,Normal
254,172,20,0,0,2,2583,0,0.0,Low Risk,1,Normal
255,53,14,1,0,4,2208,0,0.0,Low Risk,-1,Anomaly
256,1801,5,1,1,19,19,1,100.0,High Risk,-1,Anomaly
257,357,9,0,0,2,2541,0,0.0,Low Risk,1,Normal
258,417,12,0,0,3,870,0,0.0,Low Risk,1,Normal
259,122,13,0,0,3,904,0,0.0,Low Risk,1,Normal
260,2319,0,1,1,15,13,1,100.0,High Risk,1,Normal
261,183,21,0,0,4,476,0,0.0,Low Risk,1,Normal
262,69,12,0,0,3,2679,0,0.0,Low Risk,1,Normal
263,4293,2,1,0,19,21,1,100.0,High Risk,-1,Anomaly
264,287,8,0,0,1,257,0,0.0,Low Risk,1,Normal
265,289,17,0,0,4,2726,0,0.0,Low Risk,1,Normal
266,232,11,1,0,4,1724,0,0.0,Low Risk,1,Normal
267,453,14,0,0,4,2921,0,0.0,Low Risk,1,Normal
268,379,21,0,0,2,2375,0,0.0,Low Risk,1,Normal
269,153,9,0,0,3,166,0,0.0,Low Risk,1,Normal
270,108,16,0,0,2,2740,0,0.0,Low Risk,1,Normal
271,126,19,1,0,3,2089,0,0.0,Low Risk,1,Normal
272,109,10,0,0,3,2582,0,0.0,Low Risk,1,Normal
273,247,9,0,0,3,74,0,0.0,Low Risk,1,Normal
274,336,17,0,0,2,1944,0,0.0,Low Risk,1,Normal
275,207,17,0,0,2,340,0,0.0,Low Risk,1,Normal
276,68,8,0,0,1,416,0,0.0,Low Risk,1,Normal
277,170,17,1,0,1,2789,0,0.0,Low Risk,-1,Anomaly
278,146,21,1,0,1,1631,0,0.0,Low Risk,-1,Anomaly
279,447,11,1,0,2,216,0,0.0,Low Risk,1,Normal
280,148,8,0,0,2,2350,0,0.0,Low Risk,1,Normal
281,4774,1,1,1,17,20,1,100.0,High Risk,-1,Anomaly
282,485,8,1,0,2,1908,0,0.0,Low Risk,-1,Anomaly
283,280,10,0,0,1,1642,0,0.0,Low Risk,1,Normal
284,145,18,0,0,4,2186,0,0.0,Low Risk,1,Normal
285,105,10,0,0,3,749,0,0.0,Low Risk,1,Normal
286,3075,0,1,1,11,4,1,100.0,High Risk,1,Normal
287,109,12,0,0,3,1062,0,0.0,Low Risk,1,Normal
288,261,15,0,0,4,1408,0,0.0,Low Risk,1,Normal
289,405,15,0,0,2,2994,0,0.0,Low Risk,1,Normal
290,3688,2,1,1,12,2,1,100.0,High Risk,1,Normal
291,313,11,0,0,3,165,0,0.0,Low Risk,1,Normal
292,3028,2,1,1,8,21,1,100.0,High Risk,-1,Anomaly
293,106,19,0,0,4,2935,0,0.0,Low Risk,1,Normal
294,2369,4,1,1,15,10,1,100.0,High Risk,1,Normal
295,493,16,0,1,1,1520,0,0.0,Low Risk,1,Normal
296,293,15,0,0,3,952,0,0.0,Low Risk,1,Normal
297,136,12,0,0,3,838,0,0.0,Low Risk,1,Normal
298,2839,2,1,1,18,20,1,100.0,High Risk,1,Normal
299,244,16,0,0,2,177,0,0.0,Low Risk,1,Normal
300,2137,2,1,1,19,8,1,100.0,High Risk,1,Normal
301,284,15,0,0,1,505,0,0.0,Low Risk,1,Normal
302,324,21,0,0,2,377,0,0.0,Low Risk,1,Normal
303,199,18,0,0,3,489,0,0.0,Low Risk,1,Normal
304,3397,0,1,1,17,29,1,100.0,High Risk,-1,Anomaly
305,485,14,0,0,3,609,0,0.0,Low Risk,1,Normal
306,150,17,0,1,2,866,0,0.0,Low Risk,1,Normal
307,469,9,0,0,4,1832,0,0.0,Low Risk,1,Normal
308,251,9,0,0,3,2026,0,0.0,Low Risk,1,Normal
309,274,11,0,0,2,1381,0,0.0,Low Risk,1,Normal
310,239,16,0,0,1,1808,0,0.0,Low Risk,1,Normal
311,54,13,0,0,4,2879,0,0.0,Low Risk,1,Normal
312,340,8,1,0,1,1125,0,0.0,Low Risk,-1,Anomaly
313,459,21,1,0,3,2926,0,0.0,Low Risk,-1,Anomaly
314,1950,3,1,1,13,14,1,100.0,High Risk,1,Normal
315,303,8,0,0,1,389,0,0.0,Low Risk,1,Normal
316,144,18,0,0,1,1973,0,0.0,Low Risk,1,Normal
317,93,21,0,0,2,1527,0,0.0,Low Risk,1,Normal
318,770,2,1,1,16,11,1,100.0,High Risk,1,Normal
319,294,8,0,1,3,45,0,0.0,Low Risk,1,Normal
320,2145,1,1,1,17,16,1,100.0,High Risk,1,Normal
321,226,17,0,0,2,224,0,0.0,Low Risk,1,Normal
322,1429,2,1,0,11,18,1,100.0,High Risk,-1,Anomaly
323,380,9,0,0,4,524,0,0.0,Low Risk,1,Normal
324,10,20,0,0,1,549,0,0.0,Low Risk,1,Normal
325,534,0,1,0,16,4,1,98.0,High Risk,-1,Anomaly
326,381,8,0,1,3,1911,0,0.0,Low Risk,1,Normal
327,417,16,0,0,1,2771,0,0.0,Low Risk,1,Normal
328,11,17,0,0,3,768,0,0.0,Low Risk,1,Normal
329,321,16,0,0,1,2382,0,0.0,Low Risk,1,Normal
330,268,13,0,0,1,1741,0,0.0,Low Risk,1,Normal
331,286,13,0,0,4,1728,0,0.0,Low Risk,1,Normal
332,358,13,0,0,4,1008,0,0.0,Low Risk,1,Normal
333,198,12,0,0,2,1911,0,0.0,Low Risk,1,Normal
334,133,9,0,0,2,2012,0,0.0,Low Risk,1,Normal
335,1949,3,1,1,17,23,1,100.0,High Risk,1,Normal
336,167,15,0,0,1,2448,0,0.0,Low Risk,1,Normal
337,385,9,0,0,3,2570,0,0.0,Low Risk,1,Normal
338,293,8,0,0,1,2587,0,0.0,Low Risk,1,Normal
339,3767,4,1,1,13,26,1,100.0,High Risk,1,Normal
340,201,19,0,0,4,435,0,0.0,Low Risk,1,Normal
341,2189,5,0,1,17,20,1,100.0,High Risk,-1,Anomaly
342,169,16,0,0,2,192,0,0.0,Low Risk,1,Normal
343,402,19,0,1,3,1390,0,0.0,Low Risk,1,Normal
344,382,13,0,1,1,2202,0,0.0,Low Risk,1,Normal
345,294,12,0,0,4,860,0,0.0,Low Risk,1,Normal
346,55,13,1,0,3,1031,0,0.0,Low Risk,1,Normal
347,105,12,0,0,2,1790,0,0.0,Low Risk,1,Normal
348,456,13,0,0,3,1990,0,0.0,Low Risk,1,Normal
349,2381,5,1,0,10,16,1,100.0,High Risk,-1,Anomaly
350,454,8,0,0,4,2828,0,0.0,Low Risk,1,Normal
351,242,9,0,0,2,2955,0,0.0,Low Risk,1,Normal
352,256,13,1,1,2,2133,0,0.0,Low Risk,-1,Anomaly
353,303,15,0,0,3,2815,0,0.0,Low Risk,1,Normal
354,138,19,1,1,1,790,0,0.0,Low Risk,-1,Anomaly
355,101,8,0,0,3,2149,0,0.0,Low Risk,1,Normal
356,184,8,0,0,1,337,0,0.0,Low Risk,1,Normal
357,261,18,0,0,4,2534,0,0.0,Low Risk,1,Normal
358,471,11,1,1,1,594,0,0.0,Low Risk,-1,Anomaly
359,432,18,1,0,2,2283,0,0.0,Low Risk,-1,Anomaly
360,494,14,0,0,1,412,0,0.0,Low Risk,1,Normal
361,330,13,0,0,4,1780,0,0.0,Low Risk,1,Normal
362,450,15,0,1,1,1303,0,0.0,Low Risk,1,Normal
363,261,12,0,0,3,1318,0,0.0,Low Risk,1,Normal
364,468,17,0,0,2,240,0,0.0,Low Risk,1,Normal
365,1343,4,1,1,10,26,1,100.0,High Risk,1,Normal
366,2895,2,1,1,10,6,1,100.0,High Risk,1,Normal
367,101,19,0,0,2,1829,0,0.0,Low Risk,1,Normal
368,426,17,0,0,2,2436,0,0.0,Low Risk,1,Normal
369,192,20,0,0,3,1299,0,0.0,Low Risk,1,Normal
370,400,20,0,0,2,1671,0,0.0,Low Risk,1,Normal
371,62,8,0,0,2,2131,0,0.0,Low Risk,1,Normal
372,2271,0,1,1,14,12,1,100.0,High Risk,1,Normal
373,1978,3,1,1,12,26,1,100.0,High Risk,1,Normal
374,63,8,0,0,1,2335,0,0.0,Low Risk,1,Normal
375,112,19,0,0,3,1808,0,0.0,Low Risk,1,Normal
376,47,20,0,1,1,492,0,0.0,Low Risk,-1,Anomaly
377,3060,0,1,0,12,3,1,100.0,High Risk,-1,Anomaly
378,157,12,0,0,1,2620,0,0.0,Low Risk,1,Normal
379,367,17,0,0,2,2516,0,0.0,Low Risk,1,Normal
380,268,8,0,0,2,761,0,0.0,Low Risk,1,Normal
381,172,17,0,0,3,2806,0,0.0,Low Risk,1,Normal
382,4362,5,1,1,10,5,1,100.0,High Risk,-1,Anomaly
383,480,18,0,0,1,1639,0,0.0,Low Risk,1,Normal
384,154,8,0,1,2,2845,0,0.0,Low Risk,-1,Anomaly
385,114,20,0,1,1,1439,0,0.0,Low Risk,-1,Anomaly
386,29,18,0,0,2,1139,0,0.0,Low Risk,1,Normal
387,176,9,0,0,4,2577,0,0.0,Low Risk,1,Normal
388,429,12,0,0,3,41,0,0.0,Low Risk,1,Normal
389,486,12,1,0,4,2858,0,0.0,Low Risk,-1,Anomaly
390,182,18,0,0,2,1994,0,0.0,Low Risk,1,Normal
391,358,16,0,0,4,1489,0,0.0,Low Risk,1,Normal
392,121,10,0,0,3,2067,0,0.0,Low Risk,1,Normal
393,99,18,0,0,2,2979,0,0.0,Low Risk,1,Normal
394,234,13,0,0,4,374,0,0.0,Low Risk,1,Normal
395,384,17,0,1,4,1181,0,0.0,Low Risk,1,Normal
396,1424,4,1,1,9,16,1,100.0,High Risk,1,Normal
397,462,21,0,0,4,458,0,0.0,Low Risk,1,Normal
398,247,13,0,0,3,1986,0,0.0,Low Risk,1,Normal
399,187,16,0,0,1,2518,0,0.0,Low Risk,1,Normal
400,469,18,0,0,3,2445,0,0.0,Low Risk,1,Normal
401,137,15,0,0,3,1943,0,0.0,Low Risk,1,Normal
402,2090,3,1,1,10,15,1,100.0,High Risk,1,Normal
403,51,17,0,0,4,2160,0,0.0,Low Risk,1,Normal
404,3596,4,1,1,17,8,1,100.0,High Risk,1,Normal
405,235,12,0,0,3,1243,0,0.0,Low Risk,1,Normal
406,305,16,0,0,2,446,0,0.0,Low Risk,1,Normal
407,161,21,0,1,4,1045,0,0.0,Low Risk,1,Normal
408,207,11,0,0,3,2445,0,0.0,Low Risk,1,Normal
409,102,13,0,0,4,1401,0,0.0,Low Risk,1,Normal
410,471,10,0,1,1,1217,0,0.0,Low Risk,1,Normal
411,136,21,0,0,4,46,0,0.0,Low Risk,1,Normal
412,369,20,0,1,3,2453,0,0.0,Low Risk,1,Normal
413,395,16,0,1,1,936,0,0.0,Low Risk,1,Normal
414,61,13,0,0,2,1013,0,0.0,Low Risk,1,Normal
415,290,8,0,0,4,486,0,0.0,Low Risk,1,Normal
416,32,14,0,0,2,1603,0,0.0,Low Risk,1,Normal
417,450,8,0,0,2,434,0,0.0,Low Risk,1,Normal
418,345,9,0,0,3,647,0,0.0,Low Risk,1,Normal
419,280,12,0,0,2,1629,0,0.0,Low Risk,1,Normal
420,242,18,0,0,3,2959,0,0.0,Low Risk,1,Normal
421,389,13,0,1,4,1239,0,0.0,Low Risk,1,Normal
422,90,21,1,0,4,1534,0,0.0,Low Risk,-1,Anomaly
423,919,1,1,1,13,24,1,100.0,High Risk,1,Normal
424,99,16,0,0,4,937,0,0.0,Low Risk,1,Normal
425,129,15,0,0,4,856,0,0.0,Low Risk,1,Normal
426,215,11,1,0,3,1754,0,0.0,Low Risk,1,Normal
427,412,17,0,0,2,607,0,0.0,Low Risk,1,Normal
428,432,17,0,0,4,2131,0,0.0,Low Risk,1,Normal
429,196,13,0,0,1,230,0,0.0,Low Risk,1,Normal
430,286,14,0,0,3,2499,0,0.0,Low Risk,1,Normal
431,199,12,0,0,2,2176,0,0.0,Low Risk,1,Normal
432,458,21,0,0,1,697,0,0.0,Low Risk,1,Normal
433,181,14,0,0,3,657,0,0.0,Low Risk,1,Normal
434,249,19,0,0,2,1655,0,0.0,Low Risk,1,Normal
435,58,11,0,0,2,1610,0,0.0,Low Risk,1,Normal
436,108,16,0,0,1,1261,0,0.0,Low Risk,1,Normal
437,347,16,1,1,1,2188,0,0.0,Low Risk,-1,Anomaly
438,62,11,0,0,3,221,0,0.0,Low Risk,1,Normal
439,470,16,0,0,1,1923,0,0.0,Low Risk,1,Normal
440,171,18,0,0,2,1677,0,0.0,Low Risk,1,Normal
441,490,15,0,0,4,2427,0,0.0,Low Risk,1,Normal
442,3602,2,1,0,19,13,1,100.0,High Risk,-1,Anomaly
443,383,16,0,0,2,328,0,0.0,Low Risk,1,Normal
444,71,19,0,0,2,2239,0,0.0,Low Risk,1,Normal
445,456,15,0,0,4,405,0,0.0,Low Risk,1,Normal
446,496,9,0,0,4,2058,0,0.0,Low Risk,1,Normal
447,131,9,0,0,4,1409,0,0.0,Low Risk,1,Normal
448,377,17,0,0,2,2089,0,0.0,Low Risk,1,Normal
449,332,8,0,0,3,1937,0,0.0,Low Risk,1,Normal
450,23,10,0,0,2,940,0,0.0,Low Risk,1,Normal
451,48,10,0,0,4,2069,0,0.0,Low Risk,1,Normal
452,46,15,0,0,3,583,0,0.0,Low Risk,1,Normal
453,359,20,0,0,3,2733,0,0.0,Low Risk,1,Normal
454,1709,4,1,1,17,5,1,100.0,High Risk,1,Normal
455,723,1,1,1,14,11,1,100.0,High Risk,1,Normal
456,381,15,0,0,3,2107,0,0.0,Low Risk,1,Normal
457,105,15,0,0,2,1818,0,0.0,Low Risk,1,Normal
458,91,21,0,0,3,1322,0,0.0,Low Risk,1,Normal
459,4886,3,1,1,19,12,1,100.0,High Risk,-1,Anomaly
460,196,11,0,0,3,989,0,0.0,Low Risk,1,Normal
461,152,8,0,0,2,747,0,0.0,Low Risk,1,Normal
462,455,13,0,0,3,1058,0,0.0,Low Risk,1,Normal
463,162,10,0,0,1,1302,0,0.0,Low Risk,1,Normal
464,470,12,0,0,3,1524,0,0.0,Low Risk,1,Normal
465,248,8,0,0,4,692,0,0.0,Low Risk,1,Normal
466,63,16,0,0,3,1265,0,0.0,Low Risk,1,Normal
467,427,17,0,1,4,2695,0,0.0,Low Risk,1,Normal
468,479,14,0,0,4,2185,0,0.0,Low Risk,1,Normal
469,3822,2,1,1,9,8,1,100.0,High Risk,1,Normal
470,2681,0,1,1,16,16,1,100.0,High Risk,1,Normal
471,464,18,0,1,2,2067,0,0.0,Low Risk,1,Normal
472,450,20,0,0,4,2517,0,0.0,Low Risk,1,Normal
473,1516,2,1,1,12,16,1,100.0,High Risk,1,Normal
474,161,10,0,0,1,1522,0,0.0,Low Risk,1,Normal
475,351,9,0,0,2,617,0,0.0,Low Risk,1,Normal
476,402,13,0,0,4,1116,0,0.0,Low Risk,1,Normal
477,349,15,0,0,4,357,0,0.0,Low Risk,1,Normal
478,411,20,1,1,2,2034,0,0.0,Low Risk,-1,Anomaly
479,67,20,0,1,3,2482,0,0.0,Low Risk,-1,Anomaly
480,31,13,0,1,3,1883,0,0.0,Low Risk,1,Normal
481,135,17,0,0,2,2149,0,0.0,Low Risk,1,Normal
482,167,20,0,0,4,1953,0,0.0,Low Risk,1,Normal
483,26,18,0,0,2,991,0,0.0,Low Risk,1,Normal
484,44,18,0,0,2,2236,0,0.0,Low Risk,1,Normal
485,327,18,0,0,2,1355,0,0.0,Low Risk,1,Normal
486,336,11,0,0,4,2989,0,0.0,Low Risk,1,Normal
487,317,15,0,0,2,460,0,0.0,Low Risk,1,Normal
488,443,19,0,0,3,2394,0,0.0,Low Risk,1,Normal
489,67,21,0,0,2,2780,0,0.0,Low Risk,1,Normal
490,156,9,0,0,4,684,0,0.0,Low Risk,1,Normal
491,18,16,0,0,3,152,0,0.0,Low Risk,1,Normal
492,273,8,0,0,2,1550,0,0.0,Low Risk,1,Normal
493,369,17,0,0,1,942,0,0.0,Low Risk,1,Normal
494,162,14,0,0,4,145,0,0.0,Low Risk,1,Normal
495,429,15,0,1,3,2835,0,0.0,Low Risk,1,Normal
496,389,21,0,0,4,687,0,0.0,Low Risk,1,Normal
497,4399,2,1,0,9,27,1,100.0,High Risk,-1,Anomaly
498,201,14,0,0,3,1434,0,0.0,Low Risk,1,Normal
499,3153,4,1,0,17,10,1,100.0,High Risk,-1,Anomaly
500,4456,1,1,1,18,12,1,100.0,High Risk,-1,Anomaly
501,475,17,1,0,1,327,0,0.0,Low Risk,-1,Anomaly
502,293,20,0,1,3,1337,0,0.0,Low Risk,1,Normal
503,110,8,0,0,4,2198,0,0.0,Low Risk,1,Normal
504,1658,5,1,1,15,5,1,100.0,High Risk,1,Normal
505,1361,2,1,1,17,26,1,100.0,High Risk,1,Normal
506,355,21,0,0,1,558,0,0.0,Low Risk,1,Normal
507,240,17,0,0,1,2537,0,0.0,Low Risk,1,Normal
508,104,9,0,1,2,2250,0,0.0,Low Risk,1,Normal
509,238,9,0,0,1,604,0,0.0,Low Risk,1,Normal
510,81,14,0,0,2,2265,0,0.0,Low Risk,1,Normal
511,210,15,0,0,2,2021,0,0.0,Low Risk,1,Normal
512,451,9,0,0,1,307,0,0.0,Low Risk,1,Normal
513,407,20,0,0,1,1665,0,0.0,Low Risk,1,Normal
514,2538,0,1,1,14,19,1,100.0,High Risk,1,Normal
515,1192,5,1,1,18,5,1,100.0,High Risk,-1,Anomaly
516,4485,0,1,1,18,18,1,100.0,High Risk,-1,Anomaly
517,280,13,0,0,1,2791,0,0.0,Low Risk,1,Normal
518,351,15,0,0,2,1078,0,0.0,Low Risk,1,Normal
519,57,10,0,0,3,659,0,0.0,Low Risk,1,Normal
520,397,9,0,0,4,366,0,0.0,Low Risk,1,Normal
521,394,11,0,0,3,1038,0,0.0,Low Risk,1,Normal
522,518,0,1,1,12,25,1,98.0,High Risk,1,Normal
523,368,14,0,0,1,2260,0,0.0,Low Risk,1,Normal
524,137,17,0,1,1,2007,0,0.0,Low Risk,1,Normal
525,240,13,0,1,3,371,0,0.0,Low Risk,1,Normal
526,528,1,1,1,18,1,1,98.0,High Risk,-1,Anomaly
527,170,13,1,0,4,35,0,5.0,Low Risk,1,Normal
528,419,10,1,1,1,1896,0,0.0,Low Risk,-1,Anomaly
529,142,16,0,0,4,469,0,0.0,Low Risk,1,Normal
530,472,10,0,0,1,2523,0,0.0,Low Risk,1,Normal
531,2223,1,1,0,19,22,1,100.0,High Risk,-1,Anomaly
532,131,17,0,1,2,339,0,0.0,Low Risk,1,Normal
533,181,21,0,0,4,2660,0,0.0,Low Risk,1,Normal
534,357,14,0,1,1,1611,0,0.0,Low Risk,1,Normal
535,358,13,0,0,2,555,0,0.0,Low Risk,1,Normal
536,19,12,0,0,4,1533,0,0.0,Low Risk,1,Normal
537,289,17,0,0,1,2810,0,0.0,Low Risk,1,Normal
538,1951,0,1,1,14,12,1,100.0,High Risk,1,Normal
539,499,16,0,0,4,419,0,0.0,Low Risk,1,Normal
540,426,16,0,0,1,1933,0,0.0,Low Risk,1,Normal
541,979,5,1,1,9,10,1,100.0,High Risk,1,Normal
542,195,11,0,0,1,2125,0,0.0,Low Risk,1,Normal
543,292,21,0,0,3,1006,0,0.0,Low Risk,1,Normal
544,2017,0,1,1,14,22,1,100.0,High Risk,1,Normal
545,3146,3,1,1,13,1,1,100.0,High Risk,1,Normal
546,284,9,0,1,1,620,0,0.0,Low Risk,1,Normal
547,4541,5,1,1,18,22,1,100.0,High Risk,-1,Anomaly
548,30,12,0,0,4,299,0,0.0,Low Risk,1,Normal
549,153,10,1,0,4,268,0,0.0,Low Risk,1,Normal
550,79,21,0,0,3,1298,0,0.0,Low Risk,1,Normal
551,263,21,1,0,2,525,0,0.0,Low Risk,1,Normal
552,498,9,0,0,4,926,0,0.0,Low Risk,1,Normal
553,224,16,0,0,3,1463,0,0.0,Low Risk,1,Normal
554,174,10,0,0,3,2572,0,0.0,Low Risk,1,Normal
555,122,19,0,0,2,1004,0,0.0,Low Risk,1,Normal
556,158,8,0,0,3,1674,0,0.0,Low Risk,1,Normal
557,374,18,0,0,3,401,0,0.0,Low Risk,1,Normal
558,3840,3,1,1,17,25,1,100.0,High Risk,-1,Anomaly
559,242,14,0,1,4,2002,0,0.0,Low Risk,1,Normal
560,151,9,1,0,3,2047,0,0.0,Low Risk,1,Normal
561,451,18,0,0,4,2776,0,0.0,Low Risk,1,Normal
562,201,13,0,0,3,2107,0,0.0,Low Risk,1,Normal
563,1007,4,0,1,15,26,1,100.0,High Risk,-1,Anomaly
564,1338,5,1,1,12,4,1,100.0,High Risk,1,Normal
565,462,10,0,0,2,800,0,0.0,Low Risk,1,Normal
566,363,18,0,0,2,1367,0,0.0,Low Risk,1,Normal
567,380,15,0,0,3,630,0,0.0,Low Risk,1,Normal
568,234,20,0,0,1,134,0,0.0,Low Risk,1,Normal
569,4215,4,1,1,9,10,1,100.0,High Risk,1,Normal
570,71,9,0,0,1,1632,0,0.0,Low Risk,1,Normal
571,44,20,0,0,3,1526,0,0.0,Low Risk,1,Normal
572,144,18,0,0,2,522,0,0.0,Low Risk,1,Normal
573,327,8,0,0,3,170,0,0.0,Low Risk,1,Normal
574,273,13,0,1,2,2684,0,0.0,Low Risk,1,Normal
575,483,13,0,0,4,921,0,0.0,Low Risk,1,Normal
576,145,17,0,0,2,168,0,0.0,Low Risk,1,Normal
577,78,9,0,1,1,900,0,0.0,Low Risk,1,Normal
578,393,20,0,0,4,2121,0,0.0,Low Risk,1,Normal
579,260,21,0,0,2,1687,0,0.0,Low Risk,1,Normal
580,486,12,0,0,1,1446,0,0.0,Low Risk,1,Normal
581,378,15,0,0,4,2135,0,0.0,Low Risk,1,Normal
582,255,14,0,0,2,1002,0,0.0,Low Risk,1,Normal
583,123,12,0,0,3,2487,0,0.0,Low Risk,1,Normal
584,272,12,0,0,3,2085,0,0.0,Low Risk,1,Normal
585,482,10,0,0,3,1441,0,0.0,Low Risk,1,Normal
586,112,12,0,1,1,1282,0,0.0,Low Risk,1,Normal
587,46,11,0,1,1,2851,0,0.0,Low Risk,-1,Anomaly
588,3587,1,1,1,11,7,1,100.0,High Risk,1,Normal
589,265,15,0,0,3,1671,0,0.0,Low Risk,1,Normal
590,348,14,0,0,1,556,0,0.0,Low Risk,1,Normal
591,282,17,1,0,1,1606,0,0.0,Low Risk,1,Normal
592,14,15,0,0,3,322,0,0.0,Low Risk,1,Normal
593,229,17,0,0,1,905,0,0.0,Low Risk,1,Normal
594,24,20,0,0,4,982,0,0.0,Low Risk,1,Normal
595,357,9,0,0,4,456,0,0.0,Low Risk,1,Normal
596,101,18,0,1,2,1046,0,0.0,Low Risk,1,Normal
597,269,9,0,0,1,2315,0,0.0,Low Risk,1,Normal
598,3436,1,1,0,8,3,1,100.0,High Risk,-1,Anomaly
599,355,9,0,0,1,1547,0,0.0,Low Risk,1,Normal
600,4550,0,0,1,11,23,1,100.0,High Risk,-1,Anomaly
601,474,20,0,0,1,1612,0,0.0,Low Risk,1,Normal
602,324,15,0,0,3,2074,0,0.0,Low Risk,1,Normal
603,62,13,0,0,1,1784,0,0.0,Low Risk,1,Normal
604,353,16,0,0,3,2184,0,0.0,Low Risk,1,Normal
605,289,13,0,0,2,1753,0,0.0,Low Risk,1,Normal
606,1056,2,1,1,15,27,1,100.0,High Risk,1,Normal
607,361,21,0,0,1,1617,0,0.0,Low Risk,1,Normal
608,1001,2,0,1,16,14,1,100.0,High Risk,-1,Anomaly
609,282,13,0,0,2,1246,0,0.0,Low Risk,1,Normal
610,13,11,1,0,3,2666,0,0.0,Low Risk,-1,Anomaly
611,21,19,0,0,4,2829,0,0.0,Low Risk,1,Normal
612,164,12,0,0,1,1008,0,0.0,Low Risk,1,Normal
613,485,10,0,1,3,1479,0,0.0,Low Risk,1,Normal
614,418,9,0,0,1,289,0,0.0,Low Risk,1,Normal
615,44,14,0,0,4,900,0,0.0,Low Risk,1,Normal
616,453,15,0,1,1,2685,0,0.0,Low Risk,1,Normal
617,325,16,0,0,4,743,0,0.0,Low Risk,1,Normal
618,231,8,0,0,2,2893,0,0.0,Low Risk,1,Normal
619,1453,5,0,1,12,21,1,100.0,High Risk,-1,Anomaly
620,471,17,0,0,4,2261,0,0.0,Low Risk,1,Normal
621,3154,5,1,1,12,25,1,100.0,High Risk,1,Normal
622,227,10,0,0,3,2254,0,0.0,Low Risk,1,Normal
623,322,11,0,0,3,154,0,0.0,Low Risk,1,Normal
624,251,12,0,1,4,395,0,0.0,Low Risk,1,Normal
625,262,15,0,0,3,916,0,0.0,Low Risk,1,Normal
626,351,14,0,0,4,988,0,0.0,Low Risk,1,Normal
627,376,21,0,0,2,344,0,0.0,Low Risk,1,Normal
628,276,12,0,0,3,1107,0,0.0,Low Risk,1,Normal
629,355,9,0,0,1,1940,0,0.0,Low Risk,1,Normal
630,125,13,0,1,1,169,0,0.0,Low Risk,1,Normal
631,143,15,0,0,1,2997,0,0.0,Low Risk,1,Normal
632,210,16,0,1,1,296,0,0.0,Low Risk,1,Normal
633,138,19,1,0,4,912,0,0.0,Low Risk,-1,Anomaly
634,4036,4,1,1,13,5,1,100.0,High Risk,1,Normal
635,236,17,0,0,1,1649,0,0.0,Low Risk,1,Normal
636,50,21,0,0,1,357,0,0.0,Low Risk,1,Normal
637,188,10,0,0,3,1408,0,0.0,Low Risk,1,Normal
638,485,19,0,0,2,728,0,0.0,Low Risk,1,Normal
639,261,11,0,0,4,2461,0,0.0,Low Risk,1,Normal
640,191,14,0,0,2,2267,0,0.0,Low Risk,1,Normal
641,56,21,0,0,4,2339,0,0.0,Low Risk,1,Normal
642,259,17,0,0,3,2659,0,0.0,Low Risk,1,Normal
643,743,4,1,1,17,23,1,100.0,High Risk,1,Normal
644,3596,1,1,1,15,2,1,100.0,High Risk,1,Normal
645,67,13,0,0,4,1059,0,0.0,Low Risk,1,Normal
646,125,19,1,0,1,2005,0,0.0,Low Risk,-1,Anomaly
647,423,8,0,0,4,2835,0,0.0,Low Risk,1,Normal
648,156,19,0,0,2,2715,0,0.0,Low Risk,1,Normal
649,172,9,0,0,4,1906,0,0.0,Low Risk,1,Normal
650,295,8,0,1,3,1336,0,0.0,Low Risk,1,Normal
651,108,14,0,0,4,651,0,0.0,Low Risk,1,Normal
652,313,15,0,0,1,298,0,0.0,Low Risk,1,Normal
653,310,14,0,0,4,876,0,0.0,Low Risk,1,Normal
654,2235,4,1,1,18,24,1,100.0,High Risk,-1,Anomaly
655,263,12,0,0,1,1501,0,0.0,Low Risk,1,Normal
656,382,15,0,0,4,1178,0,0.0,Low Risk,1,Normal
657,395,21,0,0,1,2147,0,0.0,Low Risk,1,Normal
658,406,19,0,0,4,1911,0,0.0,Low Risk,1,Normal
659,186,20,0,0,2,950,0,0.0,Low Risk,1,Normal
660,13,18,0,0,3,200,0,0.0,Low Risk,1,Normal
661,319,17,0,0,4,2964,0,0.0,Low Risk,1,Normal
662,199,13,0,0,1,1414,0,0.0,Low Risk,1,Normal
663,368,14,0,0,4,337,0,0.0,Low Risk,1,Normal
664,161,10,0,1,3,249,0,0.0,Low Risk,1,Normal
665,221,21,0,0,1,1974,0,0.0,Low Risk,1,Normal
666,410,15,0,0,4,994,0,0.0,Low Risk,1,Normal
667,405,10,1,0,2,282,0,0.0,Low Risk,1,Normal
668,283,9,0,0,2,2794,0,0.0,Low Risk,1,Normal
669,122,15,0,0,2,690,0,0.0,Low Risk,1,Normal
670,3638,0,0,1,18,23,1,100.0,High Risk,-1,Anomaly
671,494,13,0,0,1,2016,0,0.0,Low Risk,1,Normal
672,301,19,0,0,1,894,0,0.0,Low Risk,1,Normal
673,140,14,0,0,1,2492,0,0.0,Low Risk,1,Normal
674,169,9,0,0,2,1728,0,0.0,Low Risk,1,Normal
675,1711,0,1,1,19,19,1,100.0,High Risk,-1,Anomaly
676,251,16,0,0,3,537,0,0.0,Low Risk,1,Normal
677,422,13,0,0,2,1224,0,0.0,Low Risk,1,Normal
678,131,21,0,0,1,1853,0,0.0,Low Risk,1,Normal
679,314,13,1,1,3,2980,0,0.0,Low Risk,-1,Anomaly
680,426,14,0,0,3,735,0,0.0,Low Risk,1,Normal
681,156,12,0,0,2,2265,0,0.0,Low Risk,1,Normal
682,108,17,0,0,1,1511,0,0.0,Low Risk,1,Normal
683,347,10,0,0,2,2461,0,0.0,Low Risk,1,Normal
684,349,12,0,0,1,1212,0,0.0,Low Risk,1,Normal
685,63,13,1,0,2,1079,0,0.0,Low Risk,1,Normal
686,459,21,0,1,1,1128,0,0.0,Low Risk,-1,Anomaly
687,125,14,1,0,2,2647,0,0.0,Low Risk,1,Normal
688,410,8,0,1,1,2458,0,0.0,Low Risk,-1,Anomaly
689,453,14,0,1,4,1164,0,0.0,Low Risk,1,Normal
690,3170,4,1,0,16,12,1,100.0,High Risk,-1,Anomaly
691,67,17,0,0,2,1300,0,0.0,Low Risk,1,Normal
692,113,14,1,0,1,2227,0,0.0,Low Risk,-1,Anomaly
693,237,12,0,0,3,1496,0,0.0,Low Risk,1,Normal
694,78,15,0,0,2,224,0,0.0,Low Risk,1,Normal
695,347,20,0,1,4,1747,0,0.0,Low Risk,1,Normal
696,452,17,0,0,2,2432,0,0.0,Low Risk,1,Normal
697,299,14,0,0,2,119,0,0.0,Low Risk,1,Normal
698,127,17,0,0,4,2873,0,0.0,Low Risk,1,Normal
699,115,12,1,0,2,1786,0,0.0,Low Risk,1,Normal
700,2014,3,1,1,16,26,1,100.0,High Risk,1,Normal
701,483,11,0,0,4,2531,0,0.0,Low Risk,1,Normal
702,200,10,0,0,4,2270,0,0.0,Low Risk,1,Normal
703,165,18,0,0,2,1095,0,0.0,Low Risk,1,Normal
704,485,11,0,0,1,536,0,0.0,Low Risk,1,Normal
705,224,10,0,0,2,1604,0,0.0,Low Risk,1,Normal
706,172,11,0,1,4,48,0,0.0,Low Risk,1,Normal
707,378,12,0,0,1,365,0,0.0,Low Risk,1,Normal
708,490,11,0,1,1,839,0,0.0,Low Risk,1,Normal
709,197,12,0,0,4,1230,0,0.0,Low Risk,1,Normal
710,110,9,0,0,1,302,0,0.0,Low Risk,1,Normal
711,469,9,0,0,1,1118,0,0.0,Low Risk,1,Normal
712,133,20,1,0,1,105,0,0.0,Low Risk,-1,Anomaly
713,110,10,0,0,4,1356,0,0.0,Low Risk,1,Normal
714,340,16,0,0,3,2371,0,0.0,Low Risk,1,Normal
715,374,20,0,0,3,2075,0,0.0,Low Risk,1,Normal
716,426,21,1,0,4,159,0,0.0,Low Risk,-1,Anomaly
717,323,8,0,0,3,1650,0,0.0,Low Risk,1,Normal
718,3865,4,0,1,9,26,1,100.0,High Risk,-1,Anomaly
719,484,12,0,1,1,2555,0,0.0,Low Risk,-1,Anomaly
720,74,17,0,0,1,1191,0,0.0,Low Risk,1,Normal
721,3145,4,1,1,18,21,1,100.0,High Risk,-1,Anomaly
722,3279,0,0,1,15,4,1,100.0,High Risk,-1,Anomaly
723,1936,5,1,1,9,26,1,100.0,High Risk,1,Normal
724,3926,4,1,0,10,1,1,100.0,High Risk,-1,Anomaly
725,189,11,1,0,4,977,0,0.0,Low Risk,1,Normal
726,369,9,0,0,2,2462,0,0.0,Low Risk,1,Normal
727,382,16,0,1,3,2563,0,0.0,Low Risk,1,Normal
728,450,15,0,0,4,1529,0,0.0,Low Risk,1,Normal
729,156,8,1,1,4,1300,0,0.0,Low Risk,-1,Anomaly
730,497,9,1,0,3,105,0,0.0,Low Risk,-1,Anomaly
731,4235,1,1,1,12,2,1,100.0,High Risk,1,Normal
732,160,11,0,1,4,2391,0,0.0,Low Risk,1,Normal
733,340,11,0,0,2,1248,0,0.0,Low Risk,1,Normal
734,216,19,0,0,4,1300,0,0.0,Low Risk,1,Normal
735,455,10,0,0,1,2926,0,0.0,Low Risk,1,Normal
736,29,18,0,0,2,1309,0,0.0,Low Risk,1,Normal
737,267,21,0,1,3,1696,0,0.0,Low Risk,1,Normal
738,313,18,0,0,4,878,0,0.0,Low Risk,1,Normal
739,186,19,0,0,3,1149,0,0.0,Low Risk,1,Normal
740,3656,4,1,1,8,9,1,100.0,High Risk,1,Normal
741,4378,5,1,1,19,28,1,100.0,High Risk,-1,Anomaly
742,281,14,0,0,2,999,0,0.0,Low Risk,1,Normal
743,890,5,1,1,15,1,1,100.0,High Risk,1,Normal
744,482,15,0,0,1,1388,0,0.0,Low Risk,1,Normal
745,36,15,0,0,4,1965,0,0.0,Low Risk,1,Normal
746,206,9,0,0,3,147,0,0.0,Low Risk,1,Normal
747,117,10,0,0,2,1126,0,0.0,Low Risk,1,Normal
748,169,16,0,0,1,396,0,0.0,Low Risk,1,Normal
749,314,19,1,0,2,2954,0,0.0,Low Risk,-1,Anomaly
750,465,10,0,0,2,1260,0,0.0,Low Risk,1,Normal
751,200,9,0,0,3,1224,0,0.0,Low Risk,1,Normal
752,382,20,0,0,3,2704,0,0.0,Low Risk,1,Normal
753,355,16,0,0,2,2063,0,0.0,Low Risk,1,Normal
754,212,19,0,1,1,272,0,0.0,Low Risk,-1,Anomaly
755,139,8,0,0,3,602,0,0.0,Low Risk,1,Normal
756,406,9,0,0,2,2500,0,0.0,Low Risk,1,Normal
757,397,8,0,0,4,900,0,0.0,Low Risk,1,Normal
758,295,11,0,0,2,458,0,0.0,Low Risk,1,Normal
759,51,8,0,0,4,1738,0,0.0,Low Risk,1,Normal
760,42,8,0,1,1,1286,0,0.0,Low Risk,1,Normal
761,464,17,0,0,3,2776,0,0.0,Low Risk,1,Normal
762,2655,3,0,0,11,18,1,100.0,High Risk,-1,Anomaly
763,154,21,0,0,4,2719,0,0.0,Low Risk,1,Normal
764,201,12,0,0,3,2278,0,0.0,Low Risk,1,Normal
765,44,20,0,0,1,2081,0,0.0,Low Risk,1,Normal
766,240,12,0,0,3,2072,0,0.0,Low Risk,1,Normal
767,196,18,0,0,2,559,0,0.0,Low Risk,1,Normal
768,242,13,0,0,2,116,0,0.0,Low Risk,1,Normal
769,289,15,0,0,2,864,0,0.0,Low Risk,1,Normal
770,4417,2,1,1,17,28,1,100.0,High Risk,-1,Anomaly
771,117,13,0,0,3,813,0,0.0,Low Risk,1,Normal
772,289,17,0,0,2,2816,0,0.0,Low Risk,1,Normal
773,213,21,0,0,4,2111,0,0.0,Low Risk,1,Normal
774,4586,0,1,1,12,21,1,100.0,High Risk,-1,Anomaly
775,364,17,0,0,2,2831,0,0.0,Low Risk,1,Normal
776,315,11,0,0,4,2190,0,0.0,Low Risk,1,Normal
777,103,15,0,0,3,979,0,0.0,Low Risk,1,Normal
778,445,13,0,0,2,2923,0,0.0,Low Risk,1,Normal
779,1692,4,0,0,17,2,1,100.0,High Risk,-1,Anomaly
780,355,15,0,0,3,2368,0,0.0,Low Risk,1,Normal
781,310,13,0,0,4,2981,0,0.0,Low Risk,1,Normal
782,62,20,0,1,1,1097,0,0.0,Low Risk,-1,Anomaly
783,480,11,0,0,4,2083,0,0.0,Low Risk,1,Normal
784,160,16,0,0,3,1045,0,0.0,Low Risk,1,Normal
785,114,16,1,0,1,2156,0,0.0,Low Risk,-1,Anomaly
786,144,19,0,0,2,554,0,0.0,Low Risk,1,Normal
787,135,17,0,1,4,2881,0,0.0,Low Risk,-1,Anomaly
788,388,12,0,0,2,1922,0,0.0,Low Risk,1,Normal
789,374,16,0,0,3,2600,0,0.0,Low Risk,1,Normal
790,189,20,0,0,2,417,0,0.0,Low Risk,1,Normal
791,411,17,0,0,3,2129,0,0.0,Low Risk,1,Normal
792,281,14,1,0,4,809,0,0.0,Low Risk,1,Normal
793,465,15,1,0,3,2556,0,0.0,Low Risk,-1,Anomaly
794,455,10,0,0,3,1840,0,0.0,Low Risk,1,Normal
795,413,15,0,1,2,1298,0,0.0,Low Risk,1,Normal
796,122,21,0,0,2,500,0,0.0,Low Risk,1,Normal
797,299,10,0,0,2,1341,0,0.0,Low Risk,1,Normal
798,455,16,0,0,1,1308,0,0.0,Low Risk,1,Normal
799,153,19,1,0,3,1838,0,0.0,Low Risk,1,Normal
800,215,18,1,0,4,1439,0,0.0,Low Risk,1,Normal
801,416,13,0,1,4,2524,0,0.0,Low Risk,1,Normal
802,360,14,0,0,2,172,0,0.0,Low Risk,1,Normal
803,116,12,0,0,1,1046,0,0.0,Low Risk,1,Normal
804,256,14,0,0,2,490,0,0.0,Low Risk,1,Normal
805,426,20,0,1,4,2577,0,0.0,Low Risk,-1,Anomaly
806,253,9,0,0,3,754,0,0.0,Low Risk,1,Normal
807,304,8,0,0,2,2967,0,0.0,Low Risk,1,Normal
808,3756,5,1,1,8,28,1,100.0,High Risk,-1,Anomaly
809,156,17,0,0,4,821,0,0.0,Low Risk,1,Normal
810,14,8,0,0,1,1491,0,0.0,Low Risk,1,Normal
811,108,14,0,0,2,309,0,0.0,Low Risk,1,Normal
812,454,12,0,0,4,112,0,0.0,Low Risk,1,Normal
813,177,15,0,1,4,2271,0,0.0,Low Risk,1,Normal
814,207,12,0,0,2,2041,0,0.0,Low Risk,1,Normal
815,443,13,0,1,3,1262,0,0.0,Low Risk,1,Normal
816,326,17,0,1,4,1988,0,0.0,Low Risk,1,Normal
817,335,8,0,0,1,1498,0,0.0,Low Risk,1,Normal
818,210,20,0,0,4,221,0,0.0,Low Risk,1,Normal
819,166,17,0,0,2,1046,0,0.0,Low Risk,1,Normal
820,654,5,1,1,12,22,1,100.0,High Risk,1,Normal
821,278,21,0,0,4,2381,0,0.0,Low Risk,1,Normal
822,21,10,0,1,2,274,0,0.0,Low Risk,1,Normal
823,334,12,0,0,4,1855,0,0.0,Low Risk,1,Normal
824,373,12,0,0,4,2364,0,0.0,Low Risk,1,Normal
825,173,13,0,0,3,2958,0,0.0,Low Risk,1,Normal
826,407,20,0,0,1,2716,0,0.0,Low Risk,1,Normal
827,378,12,0,0,1,1706,0,0.0,Low Risk,1,Normal
828,3940,4,0,0,13,28,1,100.0,High Risk,-1,Anomaly
829,388,17,0,1,4,453,0,0.0,Low Risk,1,Normal
830,262,19,0,0,3,2571,0,0.0,Low Risk,1,Normal
831,334,14,0,0,1,177,0,0.0,Low Risk,1,Normal
832,178,11,0,0,4,1033,0,0.0,Low Risk,1,Normal
833,4556,4,1,1,13,9,1,100.0,High Risk,1,Normal
834,37,21,0,0,3,1273,0,0.0,Low Risk,1,Normal
835,429,13,0,0,1,2775,0,0.0,Low Risk,1,Normal
836,140,20,0,0,4,82,0,0.0,Low Risk,1,Normal
837,188,17,0,0,3,1234,0,0.0,Low Risk,1,Normal
838,245,10,0,0,4,2083,0,0.0,Low Risk,1,Normal
839,292,10,0,0,4,1764,0,0.0,Low Risk,1,Normal
840,185,10,0,0,4,2840,0,0.0,Low Risk,1,Normal
841,14,9,0,0,1,710,0,0.0,Low Risk,1,Normal
842,1684,4,1,0,17,26,1,100.0,High Risk,-1,Anomaly
843,413,8,0,1,3,461,0,0.0,Low Risk,1,Normal
844,16,14,0,0,3,1515,0,0.0,Low Risk,1,Normal
845,60,16,0,0,2,1387,0,0.0,Low Risk,1,Normal
846,226,21,0,0,4,1477,0,0.0,Low Risk,1,Normal
847,2282,0,0,1,13,8,1,100.0,High Risk,-1,Anomaly
848,383,15,0,0,1,1732,0,0.0,Low Risk,1,Normal
849,484,19,0,0,1,2983,0,0.0,Low Risk,1,Normal
850,407,10,0,0,3,1322,0,0.0,Low Risk,1,Normal
851,234,15,0,0,4,1014,0,0.0,Low Risk,1,Normal
852,85,8,0,0,1,509,0,0.0,Low Risk,1,Normal
853,1390,0,1,1,19,7,1,100.0,High Risk,-1,Anomaly
854,773,3,1,1,15,18,1,100.0,High Risk,1,Normal
855,34,13,0,0,4,2699,0,0.0,Low Risk,1,Normal
856,4003,1,1,0,19,19,1,100.0,High Risk,-1,Anomaly
857,297,13,0,0,2,1454,0,0.0,Low Risk,1,Normal
858,57,15,0,0,3,1998,0,0.0,Low Risk,1,Normal
859,409,15,0,0,1,2730,0,0.0,Low Risk,1,Normal
860,105,9,0,0,4,2007,0,0.0,Low Risk,1,Normal
861,28,16,0,0,2,1698,0,0.0,Low Risk,1,Normal
862,227,19,0,0,3,1943,0,0.0,Low Risk,1,Normal
863,494,15,0,0,1,1713,0,0.0,Low Risk,1,Normal
864,994,2,1,1,15,4,1,100.0,High Risk,1,Normal
865,436,13,0,0,2,317,0,0.0,Low Risk,1,Normal
866,470,12,0,1,2,2688,0,0.0,Low Risk,1,Normal
867,364,14,0,0,4,982,0,0.0,Low Risk,1,Normal
868,3996,0,0,1,14,21,1,100.0,High Risk,-1,Anomaly
869,108,14,0,0,3,807,0,0.0,Low Risk,1,Normal
870,66,10,0,0,2,1203,0,0.0,Low Risk,1,Normal
871,369,8,0,0,2,2197,0,0.0,Low Risk,1,Normal
872,74,12,0,1,2,101,0,0.0,Low Risk,1,Normal
873,355,10,0,0,1,1749,0,0.0,Low Risk,1,Normal
874,481,13,0,0,1,279,0,0.0,Low Risk,1,Normal
875,420,16,0,0,1,1996,0,0.0,Low Risk,1,Normal
876,2531,3,1,1,9,7,1,100.0,High Risk,1,Normal
877,61,17,0,0,1,926,0,0.0,Low Risk,1,Normal
878,376,9,0,0,3,1420,0,0.0,Low Risk,1,Normal
879,2726,0,1,1,12,11,1,100.0,High Risk,1,Normal
880,326,17,0,1,4,1528,0,0.0,Low Risk,1,Normal
881,98,21,0,0,1,1914,0,0.0,Low Risk,1,Normal
882,24,20,0,0,1,2777,0,0.0,Low Risk,1,Normal
883,334,9,0,0,1,2896,0,0.0,Low Risk,1,Normal
884,499,17,0,0,4,2493,0,0.0,Low Risk,1,Normal
885,261,21,0,0,1,2779,0,0.0,Low Risk,1,Normal
886,1058,1,1,1,9,15,1,100.0,High Risk,1,Normal
887,291,19,0,0,3,2942,0,0.0,Low Risk,1,Normal
888,277,9,0,1,4,2380,0,0.0,Low Risk,1,Normal
889,3499,0,1,0,13,1,1,100.0,High Risk,-1,Anomaly
890,400,10,0,0,1,1136,0,0.0,Low Risk,1,Normal
891,129,20,0,0,3,1113,0,0.0,Low Risk,1,Normal
892,199,18,0,0,3,378,0,0.0,Low Risk,1,Normal
893,332,12,0,0,1,1477,0,0.0,Low Risk,1,Normal
894,225,20,1,0,2,2216,0,0.0,Low Risk,-1,Anomaly
895,756,2,1,0,10,23,1,100.0,High Risk,-1,Anomaly
896,266,18,0,1,2,1603,0,0.0,Low Risk,1,Normal
897,109,21,0,1,2,1475,0,0.0,Low Risk,1,Normal
898,364,17,0,0,4,1583,0,0.0,Low Risk,1,Normal
899,455,14,0,1,3,1180,0,0.0,Low Risk,1,Normal
900,105,14,0,0,1,1991,0,0.0,Low Risk,1,Normal
901,351,18,0,0,2,714,0,0.0,Low Risk,1,Normal
902,22,17,0,0,1,1844,0,0.0,Low Risk,1,Normal
903,233,17,0,0,4,342,0,0.0,Low Risk,1,Normal
904,229,8,0,0,3,1630,0,0.0,Low Risk,1,Normal
905,38,19,0,0,3,1363,0,0.0,Low Risk,1,Normal
906,72,13,0,0,1,2859,0,0.0,Low Risk,1,Normal
907,499,19,0,1,1,1794,0,0.0,Low Risk,-1,Anomaly
908,2669,4,0,1,11,16,1,100.0,High Risk,-1,Anomaly
909,135,11,0,0,3,232,0,0.0,Low Risk,1,Normal
910,2369,2,1,1,14,11,1,100.0,High Risk,1,Normal
911,195,21,0,0,2,1473,0,0.0,Low Risk,1,Normal
912,366,20,0,0,2,1285,0,0.0,Low Risk,1,Normal
913,482,18,0,0,1,300,0,0.0,Low Risk,1,Normal
914,395,9,0,0,3,749,0,0.0,Low Risk,1,Normal
915,412,10,0,0,2,2580,0,0.0,Low Risk,1,Normal
916,1731,1,1,1,8,5,1,100.0,High Risk,1,Normal
917,376,9,0,0,4,2314,0,0.0,Low Risk,1,Normal
918,1664,3,1,0,17,7,1,100.0,High Risk,-1,Anomaly
919,108,16,1,0,4,101,0,0.0,Low Risk,-1,Anomaly
920,394,13,0,1,4,1740,0,0.0,Low Risk,1,Normal
921,58,9,0,1,3,1597,0,0.0,Low Risk,1,Normal
922,256,10,0,0,2,1660,0,0.0,Low Risk,1,Normal
923,226,14,0,0,2,497,0,0.0,Low Risk,1,Normal
924,822,4,1,1,15,24,1,100.0,High Risk,1,Normal
925,417,8,0,0,3,1011,0,0.0,Low Risk,1,Normal
926,200,18,0,0,2,1687,0,0.0,Low Risk,1,Normal
927,143,21,0,0,2,2106,0,0.0,Low Risk,1,Normal
928,3469,4,0,0,19,9,1,100.0,High Risk,-1,Anomaly
929,277,15,0,0,1,216,0,0.0,Low Risk,1,Normal
930,323,9,0,0,2,101,0,0.0,Low Risk,1,Normal
931,4976,5,1,1,9,5,1,100.0,High Risk,-1,Anomaly
932,4706,3,1,1,14,6,1,100.0,High Risk,1,Normal
933,494,14,0,0,4,2686,0,0.0,Low Risk,1,Normal
934,3274,0,0,1,16,18,1,100.0,High Risk,-1,Anomaly
935,4354,2,1,0,17,15,1,100.0,High Risk,-1,Anomaly
936,3994,4,1,1,14,13,1,100.0,High Risk,1,Normal
937,308,13,0,0,2,808,0,0.0,Low Risk,1,Normal
938,480,8,0,1,3,1073,0,0.0,Low Risk,1,Normal
939,155,18,0,1,3,2444,0,0.0,Low Risk,1,Normal
940,1403,3,1,1,16,8,1,100.0,High Risk,1,Normal
941,3743,4,0,1,14,24,1,100.0,High Risk,-1,Anomaly
942,232,18,0,0,4,2925,0,0.0,Low Risk,1,Normal
943,156,20,0,0,1,1811,0,0.0,Low Risk,1,Normal
944,181,13,0,1,1,1503,0,0.0,Low Risk,1,Normal
945,389,12,0,0,1,1242,0,0.0,Low Risk,1,Normal
946,4770,4,1,1,16,12,1,100.0,High Risk,-1,Anomaly
947,223,17,0,0,2,133,0,0.0,Low Risk,1,Normal
948,179,12,1,0,1,941,0,0.0,Low Risk,-1,Anomaly
949,346,14,0,0,1,335,0,0.0,Low Risk,1,Normal
950,1964,5,1,0,8,15,1,100.0,High Risk,-1,Anomaly
951,418,9,0,1,4,158,0,0.0,Low Risk,1,Normal
952,261,19,0,0,1,2762,0,0.0,Low Risk,1,Normal
953,268,20,0,0,3,953,0,0.0,Low Risk,1,Normal
954,2354,2,1,0,11,22,1,100.0,High Risk,-1,Anomaly
955,427,11,0,1,3,1765,0,0.0,Low Risk,1,Normal
956,248,12,0,0,4,567,0,0.0,Low Risk,1,Normal
957,3658,0,1,1,9,7,1,100.0,High Risk,1,Normal
958,256,12,0,0,3,628,0,0.0,Low Risk,1,Normal
959,222,10,0,0,1,1878,0,0.0,Low Risk,1,Normal
960,240,15,0,0,2,1216,0,0.0,Low Risk,1,Normal
961,351,15,0,1,4,827,0,0.0,Low Risk,1,Normal
962,211,13,0,0,2,2328,0,0.0,Low Risk,1,Normal
963,313,18,0,0,3,1254,0,0.0,Low Risk,1,Normal
964,31,8,1,0,1,2475,0,0.0,Low Risk,-1,Anomaly
965,479,18,0,0,4,2903,0,0.0,Low Risk,1,Normal
966,444,20,1,0,3,314,0,0.0,Low Risk,-1,Anomaly
967,448,10,0,0,2,1932,0,0.0,Low Risk,1,Normal
968,2047,2,1,0,10,5,1,100.0,High Risk,-1,Anomaly
969,339,21,0,0,2,1604,0,0.0,Low Risk,1,Normal
970,393,19,0,0,4,1200,0,0.0,Low Risk,1,Normal
971,226,10,0,0,2,1151,0,0.0,Low Risk,1,Normal
972,329,18,0,0,4,2839,0,0.0,Low Risk,1,Normal
973,277,17,0,0,4,851,0,0.0,Low Risk,1,Normal
974,298,11,0,0,3,1969,0,0.0,Low Risk,1,Normal
975,4743,1,1,1,16,15,1,100.0,High Risk,-1,Anomaly
976,95,16,0,0,1,1428,0,0.0,Low Risk,1,Normal
977,3766,0,1,1,17,8,1,100.0,High Risk,1,Normal
978,403,11,0,0,2,945,0,0.0,Low Risk,1,Normal
979,4481,3,1,1,8,13,1,100.0,High Risk,-1,Anomaly
980,455,8,0,0,3,463,0,0.0,Low Risk,1,Normal
981,112,12,0,0,4,1660,0,0.0,Low Risk,1,Normal
982,108,15,0,0,1,846,0,0.0,Low Risk,1,Normal
983,354,18,0,0,1,1259,0,0.0,Low Risk,1,Normal
984,486,13,0,0,4,132,0,0.0,Low Risk,1,Normal
985,19,14,0,0,4,2316,0,0.0,Low Risk,1,Normal
986,169,11,0,1,1,2371,0,0.0,Low Risk,1,Normal
987,107,17,0,1,3,1832,0,0.0,Low Risk,1,Normal
988,238,20,0,0,4,200,0,0.0,Low Risk,1,Normal
989,941,4,1,1,14,22,1,100.0,High Risk,1,Normal
990,431,20,0,0,4,881,0,0.0,Low Risk,1,Normal
991,433,18,1,0,3,520,0,0.0,Low Risk,1,Normal
992,153,18,0,0,4,2104,0,0.0,Low Risk,1,Normal
993,2313,1,1,0,11,10,1,100.0,High Risk,-1,Anomaly
994,4972,3,1,1,19,2,1,100.0,High Risk,-1,Anomaly
995,3979,2,0,1,15,25,1,100.0,High Risk,-1,Anomaly
996,277,13,0,1,1,918,0,0.0,Low Risk,1,Normal
997,394,14,0,1,2,1835,0,0.0,Low Risk,1,Normal
998,410,18,1,0,1,2829,0,0.0,Low Risk,-1,Anomaly
999,470,21,0,0,3,1803,0,0.0,Low Risk,1,Normal
1000,42,11,0,0,2,2440,0,0.0,Low Risk,1,Normal
1001,337,8,0,0,4,528,0,0.0,Low Risk,1,Normal
1002,154,19,0,0,2,292,0,0.0,Low Risk,1,Normal
1003,425,11,0,0,2,2996,0,0.0,Low Risk,1,Normal
1004,422,12,0,0,3,1682,0,0.0,Low Risk,1,Normal
1005,292,15,1,0,4,302,0,0.0,Low Risk,1,Normal
1006,376,15,0,0,1,2601,0,0.0,Low Risk,1,Normal
1007,483,18,0,0,1,1939,0,0.0,Low Risk,1,Normal
1008,1641,4,0,1,11,6,1,100.0,High Risk,-1,Anomaly
1009,4821,0,1,1,9,16,1,100.0,High Risk,-1,Anomaly
1010,335,9,0,0,1,2971,0,0.0,Low Risk,1,Normal
1011,227,21,0,0,1,859,0,0.0,Low Risk,1,Normal
1012,325,11,0,1,1,771,0,0.0,Low Risk,1,Normal
1013,17,20,0,0,3,2883,0,0.0,Low Risk,1,Normal
1014,123,16,0,0,1,840,0,0.0,Low Risk,1,Normal
1015,150,10,0,0,4,739,0,0.0,Low Risk,1,Normal
1016,467,21,0,1,1,588,0,0.0,Low Risk,-1,Anomaly
1017,2206,2,1,1,10,22,1,100.0,High Risk,1,Normal
1018,37,21,1,0,3,643,0,0.0,Low Risk,-1,Anomaly
1019,50,15,0,0,1,975,0,0.0,Low Risk,1,Normal
1020,1579,1,1,1,16,10,1,100.0,High Risk,1,Normal
1021,312,11,1,0,3,2193,0,0.0,Low Risk,1,Normal
1022,307,18,0,0,2,2058,0,0.0,Low Risk,1,Normal
1023,77,18,0,0,4,1968,0,0.0,Low Risk,1,Normal
1024,173,10,1,0,4,1501,0,0.0,Low Risk,1,Normal
1025,55,21,0,0,4,75,0,0.0,Low Risk,1,Normal
1026,3718,5,1,1,17,5,1,100.0,High Risk,-1,Anomaly
1027,259,20,0,0,4,1908,0,0.0,Low Risk,1,Normal
1028,190,21,0,0,1,200,0,0.0,Low Risk,1,Normal
1029,72,16,1,0,4,1803,0,0.0,Low Risk,1,Normal
1030,246,19,0,0,4,955,0,0.0,Low Risk,1,Normal
1031,270,16,0,0,2,1621,0,0.0,Low Risk,1,Normal
1032,370,20,0,1,2,2440,0,0.0,Low Risk,1,Normal
1033,350,18,0,0,4,1520,0,0.0,Low Risk,1,Normal
1034,246,21,0,0,1,997,0,0.0,Low Risk,1,Normal
1035,67,11,0,0,4,1165,0,0.0,Low Risk,1,Normal
1036,233,17,1,0,2,2215,0,0.0,Low Risk,1,Normal
1037,448,21,0,0,4,1290,0,0.0,Low Risk,1,Normal
1038,4978,4,1,1,9,12,1,100.0,High Risk,-1,Anomaly
1039,493,21,0,0,2,2496,0,0.0,Low Risk,1,Normal
1040,389,9,0,1,4,2217,0,0.0,Low Risk,1,Normal
1041,22,11,0,0,4,166,0,0.0,Low Risk,1,Normal
1042,351,20,0,0,1,645,0,0.0,Low Risk,1,Normal
1043,316,14,0,0,3,881,0,0.0,Low Risk,1,Normal
1044,2562,0,1,1,13,29,1,100.0,High Risk,1,Normal
1045,236,15,0,1,1,783,0,0.0,Low Risk,1,Normal
1046,48,9,0,0,2,355,0,0.0,Low Risk,1,Normal
1047,349,16,0,0,1,945,0,0.0,Low Risk,1,Normal
1048,441,11,0,0,3,2298,0,0.0,Low Risk,1,Normal
1049,445,12,0,0,2,1443,0,0.0,Low Risk,1,Normal
1050,217,10,0,0,1,2385,0,0.0,Low Risk,1,Normal
1051,104,8,0,1,3,956,0,0.0,Low Risk,1,Normal
1052,249,11,0,0,2,2729,0,0.0,Low Risk,1,Normal
1053,2806,2,0,0,17,13,1,100.0,High Risk,-1,Anomaly
1054,326,11,0,0,3,787,0,0.0,Low Risk,1,Normal
1055,266,8,1,1,4,1889,0,0.0,Low Risk,-1,Anomaly
1056,3360,5,1,0,9,10,1,100.0,High Risk,-1,Anomaly
1057,157,16,0,1,1,635,0,0.0,Low Risk,1,Normal
1058,366,9,0,0,3,1968,0,0.0,Low Risk,1,Normal
1059,419,18,1,0,2,350,0,0.0,Low Risk,1,Normal
1060,128,16,0,0,2,2054,0,0.0,Low Risk,1,Normal
1061,194,16,1,0,3,867,0,0.0,Low Risk,1,Normal
1062,56,19,0,0,1,813,0,0.0,Low Risk,1,Normal
1063,4015,0,1,1,15,26,1,100.0,High Risk,-1,Anomaly
1064,3624,4,1,1,11,15,1,100.0,High Risk,1,Normal
1065,190,18,0,0,1,65,0,0.0,Low Risk,1,Normal
1066,298,12,0,1,1,1420,0,0.0,Low Risk,1,Normal
1067,1172,3,0,1,17,20,1,100.0,High Risk,-1,Anomaly
1068,273,16,0,0,2,1007,0,0.0,Low Risk,1,Normal
1069,42,19,0,0,1,2492,0,0.0,Low Risk,1,Normal
1070,115,8,0,0,4,1386,0,0.0,Low Risk,1,Normal
1071,409,14,0,0,4,2358,0,0.0,Low Risk,1,Normal
1072,2580,2,0,1,18,16,1,100.0,High Risk,-1,Anomaly
1073,72,13,0,0,4,1831,0,0.0,Low Risk,1,Normal
1074,288,12,0,0,4,214,0,0.0,Low Risk,1,Normal
1075,1853,4,0,1,10,7,1,100.0,High Risk,-1,Anomaly
1076,332,10,0,0,1,2701,0,0.0,Low Risk,1,Normal
1077,227,21,0,1,4,2683,0,0.0,Low Risk,-1,Anomaly
1078,1229,1,0,1,14,24,1,100.0,High Risk,-1,Anomaly
1079,271,15,0,0,2,512,0,0.0,Low Risk,1,Normal
1080,233,18,0,0,4,1427,0,0.0,Low Risk,1,Normal
1081,157,14,1,1,4,670,0,0.0,Low Risk,-1,Anomaly
1082,89,21,0,0,4,305,0,0.0,Low Risk,1,Normal
1083,4899,2,1,0,11,25,1,100.0,High Risk,-1,Anomaly
1084,252,10,0,0,2,2549,0,0.0,Low Risk,1,Normal
1085,375,14,0,0,4,2980,0,0.0,Low Risk,1,Normal
1086,118,11,0,1,4,1507,0,0.0,Low Risk,1,Normal
1087,10,14,0,0,3,1783,0,0.0,Low Risk,1,Normal
1088,217,20,0,0,2,604,0,0.0,Low Risk,1,Normal
1089,454,11,0,0,4,817,0,0.0,Low Risk,1,Normal
1090,719,0,1,1,11,10,1,100.0,High Risk,1,Normal
1091,1255,3,1,1,10,17,1,100.0,High Risk,1,Normal
1092,350,11,0,1,4,1921,0,0.0,Low Risk,1,Normal
1093,198,19,0,0,2,1124,0,0.0,Low Risk,1,Normal
1094,265,21,0,0,3,410,0,0.0,Low Risk,1,Normal
1095,258,16,0,0,4,2872,0,0.0,Low Risk,1,Normal
1096,454,11,0,0,3,1660,0,0.0,Low Risk,1,Normal
1097,211,18,0,0,2,1620,0,0.0,Low Risk,1,Normal
1098,224,9,0,1,4,1149,0,0.0,Low Risk,1,Normal
1099,313,16,0,1,4,2199,0,0.0,Low Risk,1,Normal
1100,402,8,0,0,2,2836,0,0.0,Low Risk,1,Normal
1101,1246,3,1,1,12,26,1,100.0,High Risk,1,Normal
1102,1624,0,0,1,14,8,1,100.0,High Risk,-1,Anomaly
1103,131,20,1,0,4,2687,0,0.0,Low Risk,-1,Anomaly
1104,153,10,0,1,2,2690,0,0.0,Low Risk,1,Normal
1105,38,8,0,0,4,2977,0,0.0,Low Risk,1,Normal
1106,481,21,0,0,2,2692,0,0.0,Low Risk,1,Normal
1107,4320,5,1,1,11,12,1,100.0,High Risk,1,Normal
1108,179,13,0,0,2,1821,0,0.0,Low Risk,1,Normal
1109,1412,5,0,1,9,22,1,100.0,High Risk,-1,Anomaly
1110,386,12,0,0,3,2239,0,0.0,Low Risk,1,Normal
1111,465,8,0,0,2,2103,0,0.0,Low Risk,1,Normal
1112,169,8,0,0,3,1746,0,0.0,Low Risk,1,Normal
1113,380,12,0,1,3,829,0,0.0,Low Risk,1,Normal
1114,393,10,0,1,1,2090,0,0.0,Low Risk,1,Normal
1115,288,9,0,0,1,1819,0,0.0,Low Risk,1,Normal
1116,1973,1,0,1,19,26,1,100.0,High Risk,-1,Anomaly
1117,231,14,0,1,2,870,0,0.0,Low Risk,1,Normal
1118,182,17,0,0,2,2961,0,0.0,Low Risk,1,Normal
1119,325,18,0,0,1,510,0,0.0,Low Risk,1,Normal
1120,97,21,0,0,2,1725,0,0.0,Low Risk,1,Normal
1121,1404,2,0,1,12,19,1,100.0,High Risk,-1,Anomaly
1122,160,8,0,0,3,1505,0,0.0,Low Risk,1,Normal
1123,429,8,0,0,1,1015,0,0.0,Low Risk,1,Normal
1124,361,14,0,0,2,1749,0,0.0,Low Risk,1,Normal
1125,186,8,1,0,3,1917,0,0.0,Low Risk,1,Normal
1126,37,19,0,0,1,2707,0,0.0,Low Risk,1,Normal
1127,153,11,0,0,3,361,0,0.0,Low Risk,1,Normal
1128,671,1,1,1,13,28,1,100.0,High Risk,1,Normal
1129,321,18,0,0,4,1902,0,0.0,Low Risk,1,Normal
1130,276,10,0,0,3,2771,0,0.0,Low Risk,1,Normal
1131,84,18,0,0,1,847,0,0.0,Low Risk,1,Normal
1132,193,11,0,0,3,614,0,0.0,Low Risk,1,Normal
1133,2039,2,0,1,15,29,1,100.0,High Risk,-1,Anomaly
1134,15,14,0,0,2,2875,0,0.0,Low Risk,1,Normal
1135,262,17,1,1,3,2738,0,0.0,Low Risk,-1,Anomaly
1136,449,16,1,0,3,2017,0,0.0,Low Risk,1,Normal
1137,414,11,0,0,4,976,0,0.0,Low Risk,1,Normal
1138,45,20,0,0,3,952,0,0.0,Low Risk,1,Normal
1139,369,21,0,0,2,1116,0,0.0,Low Risk,1,Normal
1140,466,12,0,1,4,1951,0,0.0,Low Risk,1,Normal
1141,170,14,0,0,2,2496,0,0.0,Low Risk,1,Normal
1142,251,9,0,0,3,370,0,0.0,Low Risk,1,Normal
1143,839,0,0,1,17,13,1,100.0,High Risk,-1,Anomaly
1144,489,14,0,0,1,216,0,0.0,Low Risk,1,Normal
1145,1783,3,1,1,14,8,1,100.0,High Risk,1,Normal
1146,1419,2,1,1,11,10,1,100.0,High Risk,1,Normal
1147,4233,2,1,1,13,14,1,100.0,High Risk,1,Normal
1148,196,17,0,0,2,213,0,0.0,Low Risk,1,Normal
1149,262,13,0,0,4,2262,0,0.0,Low Risk,1,Normal
1150,393,8,0,0,2,598,0,0.0,Low Risk,1,Normal
1151,179,16,0,0,1,2153,0,0.0,Low Risk,1,Normal
1152,2041,1,1,1,11,5,1,100.0,High Risk,1,Normal
1153,319,13,0,0,3,1147,0,0.0,Low Risk,1,Normal
1154,173,9,0,0,4,682,0,0.0,Low Risk,1,Normal
1155,374,8,1,0,3,1042,0,0.0,Low Risk,-1,Anomaly
1156,61,18,0,0,2,1131,0,0.0,Low Risk,1,Normal
1157,420,18,0,0,3,1299,0,0.0,Low Risk,1,Normal
1158,468,12,1,0,2,2922,0,0.0,Low Risk,-1,Anomaly
1159,358,16,0,0,1,1491,0,0.0,Low Risk,1,Normal
1160,248,14,0,0,4,1890,0,0.0,Low Risk,1,Normal
1161,108,14,0,0,3,2862,0,0.0,Low Risk,1,Normal
1162,236,15,0,0,1,2072,0,0.0,Low Risk,1,Normal
1163,141,8,0,0,3,72,0,0.0,Low Risk,1,Normal
1164,159,20,0,0,3,1787,0,0.0,Low Risk,1,Normal
1165,263,21,0,0,3,961,0,0.0,Low Risk,1,Normal
1166,805,5,1,1,19,12,1,100.0,High Risk,-1,Anomaly
1167,348,19,0,0,1,639,0,0.0,Low Risk,1,Normal
1168,205,20,0,0,2,1583,0,0.0,Low Risk,1,Normal
1169,3205,3,0,1,12,16,1,100.0,High Risk,-1,Anomaly
1170,110,19,0,0,2,1887,0,0.0,Low Risk,1,Normal
1171,399,20,0,0,2,1942,0,0.0,Low Risk,1,Normal
1172,250,19,0,0,1,825,0,0.0,Low Risk,1,Normal
1173,74,19,0,0,1,776,0,0.0,Low Risk,1,Normal
1174,311,21,0,0,4,2206,0,0.0,Low Risk,1,Normal
1175,35,16,0,0,2,254,0,0.0,Low Risk,1,Normal
1176,921,4,1,1,14,2,1,100.0,High Risk,1,Normal
1177,170,12,0,0,1,317,0,0.0,Low Risk,1,Normal
1178,460,19,0,0,4,2015,0,0.0,Low Risk,1,Normal
1179,22,16,1,0,4,1290,0,0.0,Low Risk,-1,Anomaly
1180,383,12,0,0,4,913,0,0.0,Low Risk,1,Normal
1181,318,11,0,0,1,1504,0,0.0,Low Risk,1,Normal
1182,46,19,1,0,4,1250,0,0.0,Low Risk,-1,Anomaly
1183,63,19,1,0,4,1716,0,0.0,Low Risk,-1,Anomaly
1184,44,8,0,0,1,629,0,0.0,Low Risk,1,Normal
1185,121,15,0,0,3,2223,0,0.0,Low Risk,1,Normal
1186,230,12,0,0,2,193,0,0.0,Low Risk,1,Normal
1187,424,20,0,1,1,707,0,0.0,Low Risk,1,Normal
1188,85,20,0,1,4,350,0,0.0,Low Risk,-1,Anomaly
1189,18,12,0,0,1,1374,0,0.0,Low Risk,1,Normal
1190,396,21,0,0,1,2605,0,0.0,Low Risk,1,Normal
1191,1088,2,1,1,15,29,1,100.0,High Risk,1,Normal
1192,399,11,0,0,3,2685,0,0.0,Low Risk,1,Normal
1193,426,21,0,0,2,1492,0,0.0,Low Risk,1,Normal
1194,197,8,0,0,1,482,0,0.0,Low Risk,1,Normal
1195,197,12,0,0,3,1836,0,0.0,Low Risk,1,Normal
1196,4850,5,1,1,13,19,1,100.0,High Risk,-1,Anomaly
1197,4739,0,1,1,10,5,1,100.0,High Risk,-1,Anomaly
1198,4770,3,1,1,12,13,1,100.0,High Risk,1,Normal
1199,229,20,0,0,4,2808,0,0.0,Low Risk,1,Normal
1200,1403,3,0,0,19,29,1,100.0,High Risk,-1,Anomaly
