transaction_id,amount,hour,is_foreign,is_new_device,transactions_today,account_age_days,is_fraud
1,1313,0,1,1,18,1,1
2,465,14,0,0,4,637,0
3,279,14,0,0,1,2705,0
4,490,10,0,0,3,1340,0
5,30,9,0,0,1,2716,0
6,4089,3,1,1,19,11,1
7,460,21,0,0,1,703,0
8,383,11,0,0,4,820,0
9,204,14,0,0,1,1370,0
10,135,16,0,0,3,1564,0
11,177,9,0,0,3,2473,0
12,280,21,0,1,4,1852,0
13,60,12,0,0,3,1990,0
14,176,12,0,0,1,829,0
15,465,21,0,0,1,158,0
16,140,21,0,0,1,1081,0
17,273,9,0,0,2,59,0
18,405,12,0,0,3,1741,0
19,226,16,0,0,4,2283,0
20,167,13,0,0,2,2957,0
21,431,14,0,1,3,419,0
22,382,8,1,0,1,2477,0
23,161,13,0,0,2,413,0
24,487,15,0,0,1,2688,0
25,199,15,0,1,1,1745,0
26,352,12,0,0,2,221,0
27,405,21,0,0,3,192,0
28,320,10,0,1,3,1417,0
29,149,17,0,0,4,619,0
30,131,15,0,0,2,1857,0
31,411,13,0,1,2,1515,0
32,222,10,0,0,4,1825,0
33,339,18,0,0,3,2393,0
34,403,9,0,0,3,2259,0
35,18,20,0,0,4,2443,0
36,138,11,0,0,2,494,0
37,60,15,0,0,3,837,0
38,395,8,0,0,3,138,0
39,412,14,0,0,4,2034,0
40,255,8,0,0,4,2518,0
41,1769,1,0,1,12,29,1
42,224,15,0,0,4,2548,0
43,4014,5,1,1,12,24,1
44,394,10,0,0,3,195,0
45,229,14,0,1,4,1931,0
46,160,19,0,0,1,51,0
47,11,12,0,0,1,686,0
48,353,8,0,0,1,1290,0
49,473,21,0,0,1,856,0
50,327,21,1,0,4,699,0
51,496,13,0,0,2,837,0
52,4067,1,1,1,19,13,1
53,217,15,0,0,1,1806,0
54,484,19,0,1,1,1904,0
55,2670,2,1,1,13,4,1
56,137,15,0,0,3,581,0
57,186,18,0,1,3,749,0
58,1842,4,1,1,13,14,1
59,1005,1,0,1,18,29,1
60,122,16,0,0,3,1983,0
61,106,20,0,0,1,920,0
62,416,8,0,0,3,256,0
63,179,11,1,0,3,566,0
64,11,19,0,0,2,42,0
65,440,20,0,0,2,1059,0
66,394,11,0,0,2,2069,0
67,64,21,0,0,4,795,0
68,457,18,0,1,4,1247,0
69,179,19,0,0,1,1501,0
70,440,18,0,1,1,1441,0
71,239,11,0,0,3,1804,0
72,72,9,0,0,3,2940,0
73,866,4,0,1,17,5,1
74,140,10,0,0,3,1649,0
75,440,12,0,0,2,185,0
76,292,20,1,0,4,761,0
77,470,10,0,0,4,2329,0
78,316,13,0,0,1,2465,0
79,201,19,1,0,2,2129,0
80,100,13,0,0,3,965,0
81,4729,0,1,1,9,2,1
82,53,17,0,0,3,1335,0
83,424,10,0,0,1,814,0
84,246,18,0,0,2,2726,0
85,189,17,1,0,2,2580,0
86,1143,5,1,1,17,18,1
87,2225,1,1,1,15,12,1
88,264,14,0,0,1,2135,0
89,2618,3,1,1,8,29,1
90,456,20,0,0,1,2874,0
91,418,16,0,0,4,2328,0
92,358,20,0,0,4,452,0
93,181,8,0,0,2,2082,0
94,113,9,0,1,3,739,0
95,4925,1,1,1,19,18,1
96,267,14,0,0,3,2212,0
97,224,10,0,1,2,2716,0
98,10,11,0,0,4,887,0
99,333,12,0,0,4,472,0
100,50,19,0,0,2,1534,0
101,328,10,0,0,1,2360,0
102,428,18,0,0,1,762,0
103,45,12,0,0,1,473,0
104,90,17,0,0,4,916,0
105,126,9,0,0,3,37,0
106,161,18,1,0,2,874,0
107,2154,1,1,1,9,13,1
108,424,8,0,1,3,2065,0
109,3761,3,1,1,10,13,1
110,187,20,1,0,3,1422,0
111,63,10,0,0,1,2752,0
112,312,14,0,0,2,2289,0
113,71,10,0,0,2,1424,0
114,107,9,0,0,3,714,0
115,85,15,0,0,3,93,0
116,4122,1,1,1,13,8,1
117,174,21,0,0,2,178,0
118,302,11,0,0,2,2933,0
119,378,19,0,1,1,450,0
120,397,16,0,0,3,239,0
121,297,18,0,0,3,404,0
122,56,14,0,0,2,2188,0
123,4090,2,1,1,19,8,1
124,2064,2,1,1,8,27,1
125,137,21,0,0,2,174,0
126,2976,4,1,1,18,11,1
127,208,19,0,0,3,2934,0
128,354,13,0,0,4,1720,0
129,53,14,0,0,4,173,0
130,229,10,0,0,2,2995,0
131,139,10,0,0,4,2803,0
132,2813,1,1,1,14,12,1
133,153,9,0,0,1,2794,0
134,130,12,1,0,2,2929,0
135,2930,3,0,1,15,27,1
136,163,14,0,0,4,2242,0
137,48,12,0,1,3,2611,0
138,27,17,0,1,4,637,0
139,478,19,0,0,4,2697,0
140,417,21,0,0,4,2743,0
141,1935,0,1,1,19,5,1
142,95,13,0,1,3,2358,0
143,203,15,0,1,3,585,0
144,462,15,1,0,3,500,0
145,242,10,0,0,4,89,0
146,331,19,1,1,4,635,0
147,323,14,0,0,4,2608,0
148,25,18,0,1,3,1863,0
149,67,8,0,0,4,405,0
150,232,17,0,0,3,1255,0
151,764,0,1,1,17,9,1
152,473,12,0,0,2,2970,0
153,366,8,0,0,1,685,0
154,75,9,0,0,2,2826,0
155,145,14,0,0,3,971,0
156,286,20,0,0,3,1441,0
157,317,19,1,0,4,1641,0
158,451,11,0,1,2,2866,0
159,2402,0,0,1,15,21,1
160,404,17,0,0,3,873,0
161,904,0,0,0,16,3,1
162,382,14,0,0,4,440,0
163,4336,3,1,1,9,21,1
164,90,9,0,0,2,120,0
165,425,21,0,1,3,2626,0
166,83,20,0,0,3,1453,0
167,53,18,0,0,3,2738,0
168,182,18,0,0,4,2786,0
169,183,10,0,0,4,2044,0
170,469,17,0,1,3,2324,0
171,28,18,0,1,3,551,0
172,406,8,0,0,4,1474,0
173,452,15,0,0,3,644,0
174,264,10,0,0,3,1567,0
175,180,16,0,0,2,2447,0
176,14,13,0,0,4,270,0
177,402,18,0,0,3,1281,0
178,2214,5,0,1,11,17,1
179,63,15,0,0,2,527,0
180,478,15,0,0,3,1781,0
181,286,11,1,0,2,2567,0
182,203,13,0,0,2,1609,0
183,293,20,0,0,2,2731,0
184,4557,5,0,0,13,4,1
185,132,20,0,0,1,1624,0
186,15,15,0,0,1,2695,0
187,395,21,0,0,2,755,0
188,330,8,0,1,3,2932,0
189,273,15,0,0,2,1773,0
190,48,15,0,0,2,1568,0
191,431,12,0,0,3,585,0
192,52,21,0,1,3,1917,0
193,476,17,1,0,4,2073,0
194,373,8,0,1,2,1163,0
195,311,15,0,1,4,2649,0
196,152,19,0,0,3,501,0
197,338,13,0,0,3,305,0
198,23,14,0,0,3,1096,0
199,320,18,0,0,1,2435,0
200,229,20,0,0,3,901,0
201,155,15,0,0,3,224,0
202,152,15,0,0,4,2288,0
203,232,10,0,0,3,1903,0
204,262,10,0,0,3,749,0
205,182,10,0,0,1,2265,0
206,295,12,0,1,3,181,0
207,493,8,0,0,4,703,0
208,99,11,0,1,2,1234,0
209,124,17,0,0,2,2788,0
210,1389,1,1,1,8,3,1
211,1349,1,1,1,17,15,1
212,62,17,0,0,4,1181,0
213,185,13,0,1,1,1103,0
214,236,10,0,1,1,1962,0
215,195,21,0,0,1,1937,0
216,396,15,1,1,2,2702,0
217,78,8,0,0,3,253,0
218,243,16,0,0,4,1486,0
219,426,10,1,0,3,1392,0
220,69,11,0,0,1,1384,0
221,2556,4,1,1,13,23,1
222,295,8,0,0,4,2084,0
223,2372,2,1,1,8,1,1
224,226,14,0,1,3,2411,0
225,212,18,0,0,4,899,0
226,45,16,0,0,2,1122,0
227,274,12,0,0,2,1488,0
228,59,8,0,0,3,751,0
229,292,16,0,0,4,2428,0
230,460,10,0,0,4,647,0
231,48,18,1,0,1,1666,0
232,336,8,1,0,3,1321,0
233,3877,4,1,0,19,2,1
234,109,13,0,0,3,721,0
235,298,15,0,0,1,2506,0
236,349,21,0,0,2,2648,0
237,392,12,0,0,3,595,0
238,134,15,0,0,2,1512,0
239,1589,2,1,0,16,19,1
240,199,16,0,0,4,2016,0
241,433,12,0,0,1,307,0
242,401,12,0,0,4,1925,0
243,437,10,0,0,2,810,0
244,370,13,0,0,1,1397,0
245,401,17,0,0,3,2493,0
246,159,8,1,0,1,1576,0
247,169,11,0,0,1,519,0
248,233,9,0,0,1,2512,0
249,98,21,0,0,3,2003,0
250,298,16,0,1,1,1778,0
251,205,9,0,0,3,1161,0
252,84,8,0,0,1,436,0
253,242,17,0,0,1,1292,0
254,172,20,0,0,2,2583,0
255,53,14,1,0,4,2208,0
256,1801,5,1,1,19,19,1
257,357,9,0,0,2,2541,0
258,417,12,0,0,3,870,0
259,122,13,0,0,3,904,0
260,2319,0,1,1,15,13,1
261,183,21,0,0,4,476,0
262,69,12,0,0,3,2679,0
263,4293,2,1,0,19,21,1
264,287,8,0,0,1,257,0
265,289,17,0,0,4,2726,0
266,232,11,1,0,4,1724,0
267,453,14,0,0,4,2921,0
268,379,21,0,0,2,2375,0
269,153,9,0,0,3,166,0
270,108,16,0,0,2,2740,0
271,126,19,1,0,3,2089,0
272,109,10,0,0,3,2582,0
273,247,9,0,0,3,74,0
274,336,17,0,0,2,1944,0
275,207,17,0,0,2,340,0
276,68,8,0,0,1,416,0
277,170,17,1,0,1,2789,0
278,146,21,1,0,1,1631,0
279,447,11,1,0,2,216,0
280,148,8,0,0,2,2350,0
281,4774,1,1,1,17,20,1
282,485,8,1,0,2,1908,0
283,280,10,0,0,1,1642,0
284,145,18,0,0,4,2186,0
285,105,10,0,0,3,749,0
286,3075,0,1,1,11,4,1
287,109,12,0,0,3,1062,0
288,261,15,0,0,4,1408,0
289,405,15,0,0,2,2994,0
290,3688,2,1,1,12,2,1
291,313,11,0,0,3,165,0
292,3028,2,1,1,8,21,1
293,106,19,0,0,4,2935,0
294,2369,4,1,1,15,10,1
295,493,16,0,1,1,1520,0
296,293,15,0,0,3,952,0
297,136,12,0,0,3,838,0
298,2839,2,1,1,18,20,1
299,244,16,0,0,2,177,0
300,2137,2,1,1,19,8,1
301,284,15,0,0,1,505,0
302,324,21,0,0,2,377,0
303,199,18,0,0,3,489,0
304,3397,0,1,1,17,29,1
305,485,14,0,0,3,609,0
306,150,17,0,1,2,866,0
307,469,9,0,0,4,1832,0
308,251,9,0,0,3,2026,0
309,274,11,0,0,2,1381,0
310,239,16,0,0,1,1808,0
311,54,13,0,0,4,2879,0
312,340,8,1,0,1,1125,0
313,459,21,1,0,3,2926,0
314,1950,3,1,1,13,14,1
315,303,8,0,0,1,389,0
316,144,18,0,0,1,1973,0
317,93,21,0,0,2,1527,0
318,770,2,1,1,16,11,1
319,294,8,0,1,3,45,0
320,2145,1,1,1,17,16,1
321,226,17,0,0,2,224,0
322,1429,2,1,0,11,18,1
323,380,9,0,0,4,524,0
324,10,20,0,0,1,549,0
325,534,0,1,0,16,4,1
326,381,8,0,1,3,1911,0
327,417,16,0,0,1,2771,0
328,11,17,0,0,3,768,0
329,321,16,0,0,1,2382,0
330,268,13,0,0,1,1741,0
331,286,13,0,0,4,1728,0
332,358,13,0,0,4,1008,0
333,198,12,0,0,2,1911,0
334,133,9,0,0,2,2012,0
335,1949,3,1,1,17,23,1
336,167,15,0,0,1,2448,0
337,385,9,0,0,3,2570,0
338,293,8,0,0,1,2587,0
339,3767,4,1,1,13,26,1
340,201,19,0,0,4,435,0
341,2189,5,0,1,17,20,1
342,169,16,0,0,2,192,0
343,402,19,0,1,3,1390,0
344,382,13,0,1,1,2202,0
345,294,12,0,0,4,860,0
346,55,13,1,0,3,1031,0
347,105,12,0,0,2,1790,0
348,456,13,0,0,3,1990,0
349,2381,5,1,0,10,16,1
350,454,8,0,0,4,2828,0
351,242,9,0,0,2,2955,0
352,256,13,1,1,2,2133,0
353,303,15,0,0,3,2815,0
354,138,19,1,1,1,790,0
355,101,8,0,0,3,2149,0
356,184,8,0,0,1,337,0
357,261,18,0,0,4,2534,0
358,471,11,1,1,1,594,0
359,432,18,1,0,2,2283,0
360,494,14,0,0,1,412,0
361,330,13,0,0,4,1780,0
362,450,15,0,1,1,1303,0
363,261,12,0,0,3,1318,0
364,468,17,0,0,2,240,0
365,1343,4,1,1,10,26,1
366,2895,2,1,1,10,6,1
367,101,19,0,0,2,1829,0
368,426,17,0,0,2,2436,0
369,192,20,0,0,3,1299,0
370,400,20,0,0,2,1671,0
371,62,8,0,0,2,2131,0
372,2271,0,1,1,14,12,1
373,1978,3,1,1,12,26,1
374,63,8,0,0,1,2335,0
375,112,19,0,0,3,1808,0
376,47,20,0,1,1,492,0
377,3060,0,1,0,12,3,1
378,157,12,0,0,1,2620,0
379,367,17,0,0,2,2516,0
380,268,8,0,0,2,761,0
381,172,17,0,0,3,2806,0
382,4362,5,1,1,10,5,1
383,480,18,0,0,1,1639,0
384,154,8,0,1,2,2845,0
385,114,20,0,1,1,1439,0
386,29,18,0,0,2,1139,0
387,176,9,0,0,4,2577,0
388,429,12,0,0,3,41,0
389,486,12,1,0,4,2858,0
390,182,18,0,0,2,1994,0
391,358,16,0,0,4,1489,0
392,121,10,0,0,3,2067,0
393,99,18,0,0,2,2979,0
394,234,13,0,0,4,374,0
395,384,17,0,1,4,1181,0
396,1424,4,1,1,9,16,1
397,462,21,0,0,4,458,0
398,247,13,0,0,3,1986,0
399,187,16,0,0,1,2518,0
400,469,18,0,0,3,2445,0
401,137,15,0,0,3,1943,0
402,2090,3,1,1,10,15,1
403,51,17,0,0,4,2160,0
404,3596,4,1,1,17,8,1
405,235,12,0,0,3,1243,0
406,305,16,0,0,2,446,0
407,161,21,0,1,4,1045,0
408,207,11,0,0,3,2445,0
409,102,13,0,0,4,1401,0
410,471,10,0,1,1,1217,0
411,136,21,0,0,4,46,0
412,369,20,0,1,3,2453,0
413,395,16,0,1,1,936,0
414,61,13,0,0,2,1013,0
415,290,8,0,0,4,486,0
416,32,14,0,0,2,1603,0
417,450,8,0,0,2,434,0
418,345,9,0,0,3,647,0
419,280,12,0,0,2,1629,0
420,242,18,0,0,3,2959,0
421,389,13,0,1,4,1239,0
422,90,21,1,0,4,1534,0
423,919,1,1,1,13,24,1
424,99,16,0,0,4,937,0
425,129,15,0,0,4,856,0
426,215,11,1,0,3,1754,0
427,412,17,0,0,2,607,0
428,432,17,0,0,4,2131,0
429,196,13,0,0,1,230,0
430,286,14,0,0,3,2499,0
431,199,12,0,0,2,2176,0
432,458,21,0,0,1,697,0
433,181,14,0,0,3,657,0
434,249,19,0,0,2,1655,0
435,58,11,0,0,2,1610,0
436,108,16,0,0,1,1261,0
437,347,16,1,1,1,2188,0
438,62,11,0,0,3,221,0
439,470,16,0,0,1,1923,0
440,171,18,0,0,2,1677,0
441,490,15,0,0,4,2427,0
442,3602,2,1,0,19,13,1
443,383,16,0,0,2,328,0
444,71,19,0,0,2,2239,0
445,456,15,0,0,4,405,0
446,496,9,0,0,4,2058,0
447,131,9,0,0,4,1409,0
448,377,17,0,0,2,2089,0
449,332,8,0,0,3,1937,0
450,23,10,0,0,2,940,0
451,48,10,0,0,4,2069,0
452,46,15,0,0,3,583,0
453,359,20,0,0,3,2733,0
454,1709,4,1,1,17,5,1
455,723,1,1,1,14,11,1
456,381,15,0,0,3,2107,0
457,105,15,0,0,2,1818,0
458,91,21,0,0,3,1322,0
459,4886,3,1,1,19,12,1
460,196,11,0,0,3,989,0
461,152,8,0,0,2,747,0
462,455,13,0,0,3,1058,0
463,162,10,0,0,1,1302,0
464,470,12,0,0,3,1524,0
465,248,8,0,0,4,692,0
466,63,16,0,0,3,1265,0
467,427,17,0,1,4,2695,0
468,479,14,0,0,4,2185,0
469,3822,2,1,1,9,8,1
470,2681,0,1,1,16,16,1
471,464,18,0,1,2,2067,0
472,450,20,0,0,4,2517,0
473,1516,2,1,1,12,16,1
474,161,10,0,0,1,1522,0
475,351,9,0,0,2,617,0
476,402,13,0,0,4,1116,0
477,349,15,0,0,4,357,0
478,411,20,1,1,2,2034,0
479,67,20,0,1,3,2482,0
480,31,13,0,1,3,1883,0
481,135,17,0,0,2,2149,0
482,167,20,0,0,4,1953,0
483,26,18,0,0,2,991,0
484,44,18,0,0,2,2236,0
485,327,18,0,0,2,1355,0
486,336,11,0,0,4,2989,0
487,317,15,0,0,2,460,0
488,443,19,0,0,3,2394,0
489,67,21,0,0,2,2780,0
490,156,9,0,0,4,684,0
491,18,16,0,0,3,152,0
492,273,8,0,0,2,1550,0
493,369,17,0,0,1,942,0
494,162,14,0,0,4,145,0
495,429,15,0,1,3,2835,0
496,389,21,0,0,4,687,0
497,4399,2,1,0,9,27,1
498,201,14,0,0,3,1434,0
499,3153,4,1,0,17,10,1
500,4456,1,1,1,18,12,1
501,475,17,1,0,1,327,0
502,293,20,0,1,3,1337,0
503,110,8,0,0,4,2198,0
504,1658,5,1,1,15,5,1
505,1361,2,1,1,17,26,1
506,355,21,0,0,1,558,0
507,240,17,0,0,1,2537,0
508,104,9,0,1,2,2250,0
509,238,9,0,0,1,604,0
510,81,14,0,0,2,2265,0
511,210,15,0,0,2,2021,0
512,451,9,0,0,1,307,0
513,407,20,0,0,1,1665,0
514,2538,0,1,1,14,19,1
515,1192,5,1,1,18,5,1
516,4485,0,1,1,18,18,1
517,280,13,0,0,1,2791,0
518,351,15,0,0,2,1078,0
519,57,10,0,0,3,659,0
520,397,9,0,0,4,366,0
521,394,11,0,0,3,1038,0
522,518,0,1,1,12,25,1
523,368,14,0,0,1,2260,0
524,137,17,0,1,1,2007,0
525,240,13,0,1,3,371,0
526,528,1,1,1,18,1,1
527,170,13,1,0,4,35,0
528,419,10,1,1,1,1896,0
529,142,16,0,0,4,469,0
530,472,10,0,0,1,2523,0
531,2223,1,1,0,19,22,1
532,131,17,0,1,2,339,0
533,181,21,0,0,4,2660,0
534,357,14,0,1,1,1611,0
535,358,13,0,0,2,555,0
536,19,12,0,0,4,1533,0
537,289,17,0,0,1,2810,0
538,1951,0,1,1,14,12,1
539,499,16,0,0,4,419,0
540,426,16,0,0,1,1933,0
541,979,5,1,1,9,10,1
542,195,11,0,0,1,2125,0
543,292,21,0,0,3,1006,0
544,2017,0,1,1,14,22,1
545,3146,3,1,1,13,1,1
546,284,9,0,1,1,620,0
547,4541,5,1,1,18,22,1
548,30,12,0,0,4,299,0
549,153,10,1,0,4,268,0
550,79,21,0,0,3,1298,0
551,263,21,1,0,2,525,0
552,498,9,0,0,4,926,0
553,224,16,0,0,3,1463,0
554,174,10,0,0,3,2572,0
555,122,19,0,0,2,1004,0
556,158,8,0,0,3,1674,0
557,374,18,0,0,3,401,0
558,3840,3,1,1,17,25,1
559,242,14,0,1,4,2002,0
560,151,9,1,0,3,2047,0
561,451,18,0,0,4,2776,0
562,201,13,0,0,3,2107,0
563,1007,4,0,1,15,26,1
564,1338,5,1,1,12,4,1
565,462,10,0,0,2,800,0
566,363,18,0,0,2,1367,0
567,380,15,0,0,3,630,0
568,234,20,0,0,1,134,0
569,4215,4,1,1,9,10,1
570,71,9,0,0,1,1632,0
571,44,20,0,0,3,1526,0
572,144,18,0,0,2,522,0
573,327,8,0,0,3,170,0
574,273,13,0,1,2,2684,0
575,483,13,0,0,4,921,0
576,145,17,0,0,2,168,0
577,78,9,0,1,1,900,0
578,393,20,0,0,4,2121,0
579,260,21,0,0,2,1687,0
580,486,12,0,0,1,1446,0
581,378,15,0,0,4,2135,0
582,255,14,0,0,2,1002,0
583,123,12,0,0,3,2487,0
584,272,12,0,0,3,2085,0
585,482,10,0,0,3,1441,0
586,112,12,0,1,1,1282,0
587,46,11,0,1,1,2851,0
588,3587,1,1,1,11,7,1
589,265,15,0,0,3,1671,0
590,348,14,0,0,1,556,0
591,282,17,1,0,1,1606,0
592,14,15,0,0,3,322,0
593,229,17,0,0,1,905,0
594,24,20,0,0,4,982,0
595,357,9,0,0,4,456,0
596,101,18,0,1,2,1046,0
597,269,9,0,0,1,2315,0
598,3436,1,1,0,8,3,1
599,355,9,0,0,1,1547,0
600,4550,0,0,1,11,23,1
601,474,20,0,0,1,1612,0
602,324,15,0,0,3,2074,0
603,62,13,0,0,1,1784,0
604,353,16,0,0,3,2184,0
605,289,13,0,0,2,1753,0
606,1056,2,1,1,15,27,1
607,361,21,0,0,1,1617,0
608,1001,2,0,1,16,14,1
609,282,13,0,0,2,1246,0
610,13,11,1,0,3,2666,0
611,21,19,0,0,4,2829,0
612,164,12,0,0,1,1008,0
613,485,10,0,1,3,1479,0
614,418,9,0,0,1,289,0
615,44,14,0,0,4,900,0
616,453,15,0,1,1,2685,0
617,325,16,0,0,4,743,0
618,231,8,0,0,2,2893,0
619,1453,5,0,1,12,21,1
620,471,17,0,0,4,2261,0
621,3154,5,1,1,12,25,1
622,227,10,0,0,3,2254,0
623,322,11,0,0,3,154,0
624,251,12,0,1,4,395,0
625,262,15,0,0,3,916,0
626,351,14,0,0,4,988,0
627,376,21,0,0,2,344,0
628,276,12,0,0,3,1107,0
629,355,9,0,0,1,1940,0
630,125,13,0,1,1,169,0
631,143,15,0,0,1,2997,0
632,210,16,0,1,1,296,0
633,138,19,1,0,4,912,0
634,4036,4,1,1,13,5,1
635,236,17,0,0,1,1649,0
636,50,21,0,0,1,357,0
637,188,10,0,0,3,1408,0
638,485,19,0,0,2,728,0
639,261,11,0,0,4,2461,0
640,191,14,0,0,2,2267,0
641,56,21,0,0,4,2339,0
642,259,17,0,0,3,2659,0
643,743,4,1,1,17,23,1
644,3596,1,1,1,15,2,1
645,67,13,0,0,4,1059,0
646,125,19,1,0,1,2005,0
647,423,8,0,0,4,2835,0
648,156,19,0,0,2,2715,0
649,172,9,0,0,4,1906,0
650,295,8,0,1,3,1336,0
651,108,14,0,0,4,651,0
652,313,15,0,0,1,298,0
653,310,14,0,0,4,876,0
654,2235,4,1,1,18,24,1
655,263,12,0,0,1,1501,0
656,382,15,0,0,4,1178,0
657,395,21,0,0,1,2147,0
658,406,19,0,0,4,1911,0
659,186,20,0,0,2,950,0
660,13,18,0,0,3,200,0
661,319,17,0,0,4,2964,0
662,199,13,0,0,1,1414,0
663,368,14,0,0,4,337,0
664,161,10,0,1,3,249,0
665,221,21,0,0,1,1974,0
666,410,15,0,0,4,994,0
667,405,10,1,0,2,282,0
668,283,9,0,0,2,2794,0
669,122,15,0,0,2,690,0
670,3638,0,0,1,18,23,1
671,494,13,0,0,1,2016,0
672,301,19,0,0,1,894,0
673,140,14,0,0,1,2492,0
674,169,9,0,0,2,1728,0
675,1711,0,1,1,19,19,1
676,251,16,0,0,3,537,0
677,422,13,0,0,2,1224,0
678,131,21,0,0,1,1853,0
679,314,13,1,1,3,2980,0
680,426,14,0,0,3,735,0
681,156,12,0,0,2,2265,0
682,108,17,0,0,1,1511,0
683,347,10,0,0,2,2461,0
684,349,12,0,0,1,1212,0
685,63,13,1,0,2,1079,0
686,459,21,0,1,1,1128,0
687,125,14,1,0,2,2647,0
688,410,8,0,1,1,2458,0
689,453,14,0,1,4,1164,0
690,3170,4,1,0,16,12,1
691,67,17,0,0,2,1300,0
692,113,14,1,0,1,2227,0
693,237,12,0,0,3,1496,0
694,78,15,0,0,2,224,0
695,347,20,0,1,4,1747,0
696,452,17,0,0,2,2432,0
697,299,14,0,0,2,119,0
698,127,17,0,0,4,2873,0
699,115,12,1,0,2,1786,0
700,2014,3,1,1,16,26,1
701,483,11,0,0,4,2531,0
702,200,10,0,0,4,2270,0
703,165,18,0,0,2,1095,0
704,485,11,0,0,1,536,0
705,224,10,0,0,2,1604,0
706,172,11,0,1,4,48,0
707,378,12,0,0,1,365,0
708,490,11,0,1,1,839,0
709,197,12,0,0,4,1230,0
710,110,9,0,0,1,302,0
711,469,9,0,0,1,1118,0
712,133,20,1,0,1,105,0
713,110,10,0,0,4,1356,0
714,340,16,0,0,3,2371,0
715,374,20,0,0,3,2075,0
716,426,21,1,0,4,159,0
717,323,8,0,0,3,1650,0
718,3865,4,0,1,9,26,1
719,484,12,0,1,1,2555,0
720,74,17,0,0,1,1191,0
721,3145,4,1,1,18,21,1
722,3279,0,0,1,15,4,1
723,1936,5,1,1,9,26,1
724,3926,4,1,0,10,1,1
725,189,11,1,0,4,977,0
726,369,9,0,0,2,2462,0
727,382,16,0,1,3,2563,0
728,450,15,0,0,4,1529,0
729,156,8,1,1,4,1300,0
730,497,9,1,0,3,105,0
731,4235,1,1,1,12,2,1
732,160,11,0,1,4,2391,0
733,340,11,0,0,2,1248,0
734,216,19,0,0,4,1300,0
735,455,10,0,0,1,2926,0
736,29,18,0,0,2,1309,0
737,267,21,0,1,3,1696,0
738,313,18,0,0,4,878,0
739,186,19,0,0,3,1149,0
740,3656,4,1,1,8,9,1
741,4378,5,1,1,19,28,1
742,281,14,0,0,2,999,0
743,890,5,1,1,15,1,1
744,482,15,0,0,1,1388,0
745,36,15,0,0,4,1965,0
746,206,9,0,0,3,147,0
747,117,10,0,0,2,1126,0
748,169,16,0,0,1,396,0
749,314,19,1,0,2,2954,0
750,465,10,0,0,2,1260,0
751,200,9,0,0,3,1224,0
752,382,20,0,0,3,2704,0
753,355,16,0,0,2,2063,0
754,212,19,0,1,1,272,0
755,139,8,0,0,3,602,0
756,406,9,0,0,2,2500,0
757,397,8,0,0,4,900,0
758,295,11,0,0,2,458,0
759,51,8,0,0,4,1738,0
760,42,8,0,1,1,1286,0
761,464,17,0,0,3,2776,0
762,2655,3,0,0,11,18,1
763,154,21,0,0,4,2719,0
764,201,12,0,0,3,2278,0
765,44,20,0,0,1,2081,0
766,240,12,0,0,3,2072,0
767,196,18,0,0,2,559,0
768,242,13,0,0,2,116,0
769,289,15,0,0,2,864,0
770,4417,2,1,1,17,28,1
771,117,13,0,0,3,813,0
772,289,17,0,0,2,2816,0
773,213,21,0,0,4,2111,0
774,4586,0,1,1,12,21,1
775,364,17,0,0,2,2831,0
776,315,11,0,0,4,2190,0
777,103,15,0,0,3,979,0
778,445,13,0,0,2,2923,0
779,1692,4,0,0,17,2,1
780,355,15,0,0,3,2368,0
781,310,13,0,0,4,2981,0
782,62,20,0,1,1,1097,0
783,480,11,0,0,4,2083,0
784,160,16,0,0,3,1045,0
785,114,16,1,0,1,2156,0
786,144,19,0,0,2,554,0
787,135,17,0,1,4,2881,0
788,388,12,0,0,2,1922,0
789,374,16,0,0,3,2600,0
790,189,20,0,0,2,417,0
791,411,17,0,0,3,2129,0
792,281,14,1,0,4,809,0
793,465,15,1,0,3,2556,0
794,455,10,0,0,3,1840,0
795,413,15,0,1,2,1298,0
796,122,21,0,0,2,500,0
797,299,10,0,0,2,1341,0
798,455,16,0,0,1,1308,0
799,153,19,1,0,3,1838,0
800,215,18,1,0,4,1439,0
801,416,13,0,1,4,2524,0
802,360,14,0,0,2,172,0
803,116,12,0,0,1,1046,0
804,256,14,0,0,2,490,0
805,426,20,0,1,4,2577,0
806,253,9,0,0,3,754,0
807,304,8,0,0,2,2967,0
808,3756,5,1,1,8,28,1
809,156,17,0,0,4,821,0
810,14,8,0,0,1,1491,0
811,108,14,0,0,2,309,0
812,454,12,0,0,4,112,0
813,177,15,0,1,4,2271,0
814,207,12,0,0,2,2041,0
815,443,13,0,1,3,1262,0
816,326,17,0,1,4,1988,0
817,335,8,0,0,1,1498,0
818,210,20,0,0,4,221,0
819,166,17,0,0,2,1046,0
820,654,5,1,1,12,22,1
821,278,21,0,0,4,2381,0
822,21,10,0,1,2,274,0
823,334,12,0,0,4,1855,0
824,373,12,0,0,4,2364,0
825,173,13,0,0,3,2958,0
826,407,20,0,0,1,2716,0
827,378,12,0,0,1,1706,0
828,3940,4,0,0,13,28,1
829,388,17,0,1,4,453,0
830,262,19,0,0,3,2571,0
831,334,14,0,0,1,177,0
832,178,11,0,0,4,1033,0
833,4556,4,1,1,13,9,1
834,37,21,0,0,3,1273,0
835,429,13,0,0,1,2775,0
836,140,20,0,0,4,82,0
837,188,17,0,0,3,1234,0
838,245,10,0,0,4,2083,0
839,292,10,0,0,4,1764,0
840,185,10,0,0,4,2840,0
841,14,9,0,0,1,710,0
842,1684,4,1,0,17,26,1
843,413,8,0,1,3,461,0
844,16,14,0,0,3,1515,0
845,60,16,0,0,2,1387,0
846,226,21,0,0,4,1477,0
847,2282,0,0,1,13,8,1
848,383,15,0,0,1,1732,0
849,484,19,0,0,1,2983,0
850,407,10,0,0,3,1322,0
851,234,15,0,0,4,1014,0
852,85,8,0,0,1,509,0
853,1390,0,1,1,19,7,1
854,773,3,1,1,15,18,1
855,34,13,0,0,4,2699,0
856,4003,1,1,0,19,19,1
857,297,13,0,0,2,1454,0
858,57,15,0,0,3,1998,0
859,409,15,0,0,1,2730,0
860,105,9,0,0,4,2007,0
861,28,16,0,0,2,1698,0
862,227,19,0,0,3,1943,0
863,494,15,0,0,1,1713,0
864,994,2,1,1,15,4,1
865,436,13,0,0,2,317,0
866,470,12,0,1,2,2688,0
867,364,14,0,0,4,982,0
868,3996,0,0,1,14,21,1
869,108,14,0,0,3,807,0
870,66,10,0,0,2,1203,0
871,369,8,0,0,2,2197,0
872,74,12,0,1,2,101,0
873,355,10,0,0,1,1749,0
874,481,13,0,0,1,279,0
875,420,16,0,0,1,1996,0
876,2531,3,1,1,9,7,1
877,61,17,0,0,1,926,0
878,376,9,0,0,3,1420,0
879,2726,0,1,1,12,11,1
880,326,17,0,1,4,1528,0
881,98,21,0,0,1,1914,0
882,24,20,0,0,1,2777,0
883,334,9,0,0,1,2896,0
884,499,17,0,0,4,2493,0
885,261,21,0,0,1,2779,0
886,1058,1,1,1,9,15,1
887,291,19,0,0,3,2942,0
888,277,9,0,1,4,2380,0
889,3499,0,1,0,13,1,1
890,400,10,0,0,1,1136,0
891,129,20,0,0,3,1113,0
892,199,18,0,0,3,378,0
893,332,12,0,0,1,1477,0
894,225,20,1,0,2,2216,0
895,756,2,1,0,10,23,1
896,266,18,0,1,2,1603,0
897,109,21,0,1,2,1475,0
898,364,17,0,0,4,1583,0
899,455,14,0,1,3,1180,0
900,105,14,0,0,1,1991,0
901,351,18,0,0,2,714,0
902,22,17,0,0,1,1844,0
903,233,17,0,0,4,342,0
904,229,8,0,0,3,1630,0
905,38,19,0,0,3,1363,0
906,72,13,0,0,1,2859,0
907,499,19,0,1,1,1794,0
908,2669,4,0,1,11,16,1
909,135,11,0,0,3,232,0
910,2369,2,1,1,14,11,1
911,195,21,0,0,2,1473,0
912,366,20,0,0,2,1285,0
913,482,18,0,0,1,300,0
914,395,9,0,0,3,749,0
915,412,10,0,0,2,2580,0
916,1731,1,1,1,8,5,1
917,376,9,0,0,4,2314,0
918,1664,3,1,0,17,7,1
919,108,16,1,0,4,101,0
920,394,13,0,1,4,1740,0
921,58,9,0,1,3,1597,0
922,256,10,0,0,2,1660,0
923,226,14,0,0,2,497,0
924,822,4,1,1,15,24,1
925,417,8,0,0,3,1011,0
926,200,18,0,0,2,1687,0
927,143,21,0,0,2,2106,0
928,3469,4,0,0,19,9,1
929,277,15,0,0,1,216,0
930,323,9,0,0,2,101,0
931,4976,5,1,1,9,5,1
932,4706,3,1,1,14,6,1
933,494,14,0,0,4,2686,0
934,3274,0,0,1,16,18,1
935,4354,2,1,0,17,15,1
936,3994,4,1,1,14,13,1
937,308,13,0,0,2,808,0
938,480,8,0,1,3,1073,0
939,155,18,0,1,3,2444,0
940,1403,3,1,1,16,8,1
941,3743,4,0,1,14,24,1
942,232,18,0,0,4,2925,0
943,156,20,0,0,1,1811,0
944,181,13,0,1,1,1503,0
945,389,12,0,0,1,1242,0
946,4770,4,1,1,16,12,1
947,223,17,0,0,2,133,0
948,179,12,1,0,1,941,0
949,346,14,0,0,1,335,0
950,1964,5,1,0,8,15,1
951,418,9,0,1,4,158,0
952,261,19,0,0,1,2762,0
953,268,20,0,0,3,953,0
954,2354,2,1,0,11,22,1
955,427,11,0,1,3,1765,0
956,248,12,0,0,4,567,0
957,3658,0,1,1,9,7,1
958,256,12,0,0,3,628,0
959,222,10,0,0,1,1878,0
960,240,15,0,0,2,1216,0
961,351,15,0,1,4,827,0
962,211,13,0,0,2,2328,0
963,313,18,0,0,3,1254,0
964,31,8,1,0,1,2475,0
965,479,18,0,0,4,2903,0
966,444,20,1,0,3,314,0
967,448,10,0,0,2,1932,0
968,2047,2,1,0,10,5,1
969,339,21,0,0,2,1604,0
970,393,19,0,0,4,1200,0
971,226,10,0,0,2,1151,0
972,329,18,0,0,4,2839,0
973,277,17,0,0,4,851,0
974,298,11,0,0,3,1969,0
975,4743,1,1,1,16,15,1
976,95,16,0,0,1,1428,0
977,3766,0,1,1,17,8,1
978,403,11,0,0,2,945,0
979,4481,3,1,1,8,13,1
980,455,8,0,0,3,463,0
981,112,12,0,0,4,1660,0
982,108,15,0,0,1,846,0
983,354,18,0,0,1,1259,0
984,486,13,0,0,4,132,0
985,19,14,0,0,4,2316,0
986,169,11,0,1,1,2371,0
987,107,17,0,1,3,1832,0
988,238,20,0,0,4,200,0
989,941,4,1,1,14,22,1
990,431,20,0,0,4,881,0
991,433,18,1,0,3,520,0
992,153,18,0,0,4,2104,0
993,2313,1,1,0,11,10,1
994,4972,3,1,1,19,2,1
995,3979,2,0,1,15,25,1
996,277,13,0,1,1,918,0
997,394,14,0,1,2,1835,0
998,410,18,1,0,1,2829,0
999,470,21,0,0,3,1803,0
1000,42,11,0,0,2,2440,0
1001,337,8,0,0,4,528,0
1002,154,19,0,0,2,292,0
1003,425,11,0,0,2,2996,0
1004,422,12,0,0,3,1682,0
1005,292,15,1,0,4,302,0
1006,376,15,0,0,1,2601,0
1007,483,18,0,0,1,1939,0
1008,1641,4,0,1,11,6,1
1009,4821,0,1,1,9,16,1
1010,335,9,0,0,1,2971,0
1011,227,21,0,0,1,859,0
1012,325,11,0,1,1,771,0
1013,17,20,0,0,3,2883,0
1014,123,16,0,0,1,840,0
1015,150,10,0,0,4,739,0
1016,467,21,0,1,1,588,0
1017,2206,2,1,1,10,22,1
1018,37,21,1,0,3,643,0
1019,50,15,0,0,1,975,0
1020,1579,1,1,1,16,10,1
1021,312,11,1,0,3,2193,0
1022,307,18,0,0,2,2058,0
1023,77,18,0,0,4,1968,0
1024,173,10,1,0,4,1501,0
1025,55,21,0,0,4,75,0
1026,3718,5,1,1,17,5,1
1027,259,20,0,0,4,1908,0
1028,190,21,0,0,1,200,0
1029,72,16,1,0,4,1803,0
1030,246,19,0,0,4,955,0
1031,270,16,0,0,2,1621,0
1032,370,20,0,1,2,2440,0
1033,350,18,0,0,4,1520,0
1034,246,21,0,0,1,997,0
1035,67,11,0,0,4,1165,0
1036,233,17,1,0,2,2215,0
1037,448,21,0,0,4,1290,0
1038,4978,4,1,1,9,12,1
1039,493,21,0,0,2,2496,0
1040,389,9,0,1,4,2217,0
1041,22,11,0,0,4,166,0
1042,351,20,0,0,1,645,0
1043,316,14,0,0,3,881,0
1044,2562,0,1,1,13,29,1
1045,236,15,0,1,1,783,0
1046,48,9,0,0,2,355,0
1047,349,16,0,0,1,945,0
1048,441,11,0,0,3,2298,0
1049,445,12,0,0,2,1443,0
1050,217,10,0,0,1,2385,0
1051,104,8,0,1,3,956,0
1052,249,11,0,0,2,2729,0
1053,2806,2,0,0,17,13,1
1054,326,11,0,0,3,787,0
1055,266,8,1,1,4,1889,0
1056,3360,5,1,0,9,10,1
1057,157,16,0,1,1,635,0
1058,366,9,0,0,3,1968,0
1059,419,18,1,0,2,350,0
1060,128,16,0,0,2,2054,0
1061,194,16,1,0,3,867,0
1062,56,19,0,0,1,813,0
1063,4015,0,1,1,15,26,1
1064,3624,4,1,1,11,15,1
1065,190,18,0,0,1,65,0
1066,298,12,0,1,1,1420,0
1067,1172,3,0,1,17,20,1
1068,273,16,0,0,2,1007,0
1069,42,19,0,0,1,2492,0
1070,115,8,0,0,4,1386,0
1071,409,14,0,0,4,2358,0
1072,2580,2,0,1,18,16,1
1073,72,13,0,0,4,1831,0
1074,288,12,0,0,4,214,0
1075,1853,4,0,1,10,7,1
1076,332,10,0,0,1,2701,0
1077,227,21,0,1,4,2683,0
1078,1229,1,0,1,14,24,1
1079,271,15,0,0,2,512,0
1080,233,18,0,0,4,1427,0
1081,157,14,1,1,4,670,0
1082,89,21,0,0,4,305,0
1083,4899,2,1,0,11,25,1
1084,252,10,0,0,2,2549,0
1085,375,14,0,0,4,2980,0
1086,118,11,0,1,4,1507,0
1087,10,14,0,0,3,1783,0
1088,217,20,0,0,2,604,0
1089,454,11,0,0,4,817,0
1090,719,0,1,1,11,10,1
1091,1255,3,1,1,10,17,1
1092,350,11,0,1,4,1921,0
1093,198,19,0,0,2,1124,0
1094,265,21,0,0,3,410,0
1095,258,16,0,0,4,2872,0
1096,454,11,0,0,3,1660,0
1097,211,18,0,0,2,1620,0
1098,224,9,0,1,4,1149,0
1099,313,16,0,1,4,2199,0
1100,402,8,0,0,2,2836,0
1101,1246,3,1,1,12,26,1
1102,1624,0,0,1,14,8,1
1103,131,20,1,0,4,2687,0
1104,153,10,0,1,2,2690,0
1105,38,8,0,0,4,2977,0
1106,481,21,0,0,2,2692,0
1107,4320,5,1,1,11,12,1
1108,179,13,0,0,2,1821,0
1109,1412,5,0,1,9,22,1
1110,386,12,0,0,3,2239,0
1111,465,8,0,0,2,2103,0
1112,169,8,0,0,3,1746,0
1113,380,12,0,1,3,829,0
1114,393,10,0,1,1,2090,0
1115,288,9,0,0,1,1819,0
1116,1973,1,0,1,19,26,1
1117,231,14,0,1,2,870,0
1118,182,17,0,0,2,2961,0
1119,325,18,0,0,1,510,0
1120,97,21,0,0,2,1725,0
1121,1404,2,0,1,12,19,1
1122,160,8,0,0,3,1505,0
1123,429,8,0,0,1,1015,0
1124,361,14,0,0,2,1749,0
1125,186,8,1,0,3,1917,0
1126,37,19,0,0,1,2707,0
1127,153,11,0,0,3,361,0
1128,671,1,1,1,13,28,1
1129,321,18,0,0,4,1902,0
1130,276,10,0,0,3,2771,0
1131,84,18,0,0,1,847,0
1132,193,11,0,0,3,614,0
1133,2039,2,0,1,15,29,1
1134,15,14,0,0,2,2875,0
1135,262,17,1,1,3,2738,0
1136,449,16,1,0,3,2017,0
1137,414,11,0,0,4,976,0
1138,45,20,0,0,3,952,0
1139,369,21,0,0,2,1116,0
1140,466,12,0,1,4,1951,0
1141,170,14,0,0,2,2496,0
1142,251,9,0,0,3,370,0
1143,839,0,0,1,17,13,1
1144,489,14,0,0,1,216,0
1145,1783,3,1,1,14,8,1
1146,1419,2,1,1,11,10,1
1147,4233,2,1,1,13,14,1
1148,196,17,0,0,2,213,0
1149,262,13,0,0,4,2262,0
1150,393,8,0,0,2,598,0
1151,179,16,0,0,1,2153,0
1152,2041,1,1,1,11,5,1
1153,319,13,0,0,3,1147,0
1154,173,9,0,0,4,682,0
1155,374,8,1,0,3,1042,0
1156,61,18,0,0,2,1131,0
1157,420,18,0,0,3,1299,0
1158,468,12,1,0,2,2922,0
1159,358,16,0,0,1,1491,0
1160,248,14,0,0,4,1890,0
1161,108,14,0,0,3,2862,0
1162,236,15,0,0,1,2072,0
1163,141,8,0,0,3,72,0
1164,159,20,0,0,3,1787,0
1165,263,21,0,0,3,961,0
1166,805,5,1,1,19,12,1
1167,348,19,0,0,1,639,0
1168,205,20,0,0,2,1583,0
1169,3205,3,0,1,12,16,1
1170,110,19,0,0,2,1887,0
1171,399,20,0,0,2,1942,0
1172,250,19,0,0,1,825,0
1173,74,19,0,0,1,776,0
1174,311,21,0,0,4,2206,0
1175,35,16,0,0,2,254,0
1176,921,4,1,1,14,2,1
1177,170,12,0,0,1,317,0
1178,460,19,0,0,4,2015,0
1179,22,16,1,0,4,1290,0
1180,383,12,0,0,4,913,0
1181,318,11,0,0,1,1504,0
1182,46,19,1,0,4,1250,0
1183,63,19,1,0,4,1716,0
1184,44,8,0,0,1,629,0
1185,121,15,0,0,3,2223,0
1186,230,12,0,0,2,193,0
1187,424,20,0,1,1,707,0
1188,85,20,0,1,4,350,0
1189,18,12,0,0,1,1374,0
1190,396,21,0,0,1,2605,0
1191,1088,2,1,1,15,29,1
1192,399,11,0,0,3,2685,0
1193,426,21,0,0,2,1492,0
1194,197,8,0,0,1,482,0
1195,197,12,0,0,3,1836,0
1196,4850,5,1,1,13,19,1
1197,4739,0,1,1,10,5,1
1198,4770,3,1,1,12,13,1
1199,229,20,0,0,4,2808,0
1200,1403,3,0,0,19,29,1
